system_id,sample_coordinate_id,sample_id,sample_id,Befu,ProbNr,ProjektNr,coordinate_type,coordinate_value
1,,1,1,P16,18_0025_0003,18_0025,KoordX,0.0
2,,2,2,P18,18_0025_0004,18_0025,KoordX,0.0
3,,3,3,P20,18_0025_0005,18_0025,KoordX,0.0
4,,4,4,P5,18_0025_0001,18_0025,KoordX,0.0
5,,5,5,P6,18_0025_0002,18_0025,KoordX,0.0
6,,6,6,A11148,19_0013_0013,19_0013,KoordX,0.0
7,,7,7,A11148,19_0013_0014,19_0013,KoordX,0.0
8,,8,8,A11148,19_0013_0015,19_0013,KoordX,0.0
9,,9,9,A11148,19_0013_0020,19_0013,KoordX,0.0
10,,10,10,A479,19_0013_0010,19_0013,KoordX,0.0
11,,11,11,A479,19_0013_0011,19_0013,KoordX,0.0
12,,12,12,A479,19_0013_0012,19_0013,KoordX,0.0
13,,13,13,A479,19_0013_0019,19_0013,KoordX,0.0
14,,14,14,A6214,19_0013_0007,19_0013,KoordX,0.0
15,,15,15,A6214,19_0013_0008,19_0013,KoordX,0.0
16,,16,16,A6214,19_0013_0009,19_0013,KoordX,0.0
17,,17,17,A6214,19_0013_0018,19_0013,KoordX,0.0
18,,18,18,A8090,19_0013_0004,19_0013,KoordX,0.0
19,,19,19,A8090,19_0013_0005,19_0013,KoordX,0.0
20,,20,20,A8090,19_0013_0006,19_0013,KoordX,0.0
21,,21,21,A8090,19_0013_0017,19_0013,KoordX,0.0
22,,22,22,A9063,19_0013_0001,19_0013,KoordX,0.0
23,,23,23,A9063,19_0013_0002,19_0013,KoordX,0.0
24,,24,24,A9063,19_0013_0003,19_0013,KoordX,0.0
25,,25,25,A9063,19_0013_0016,19_0013,KoordX,0.0
26,,26,26,A10143,19_0014_0040,19_0014,KoordX,0.0
27,,27,27,A10153,19_0014_0037,19_0014,KoordX,0.0
28,,28,28,A10189,19_0014_0042,19_0014,KoordX,0.0
29,,29,29,A10229,19_0014_0039,19_0014,KoordX,0.0
30,,30,30,A10697,19_0014_0067,19_0014,KoordX,0.0
31,,31,31,A10990,19_0014_0055,19_0014,KoordX,0.0
32,,32,32,A11339,19_0014_0068,19_0014,KoordX,0.0
33,,33,33,A1196,19_0014_0044,19_0014,KoordX,0.0
34,,34,34,A12024,19_0014_0056,19_0014,KoordX,0.0
35,,35,35,A12024,19_0014_0057,19_0014,KoordX,0.0
36,,36,36,A12034,19_0014_0058,19_0014,KoordX,0.0
37,,37,37,A12435,19_0014_0069,19_0014,KoordX,0.0
38,,38,38,A13064,19_0014_0071,19_0014,KoordX,0.0
39,,39,39,A13200,19_0014_0041,19_0014,KoordX,0.0
40,,40,40,A13299,19_0014_0072,19_0014,KoordX,0.0
41,,41,41,A13837,19_0014_0060,19_0014,KoordX,0.0
42,,42,42,A15333,19_0014_0061,19_0014,KoordX,0.0
43,,43,43,A15344,19_0014_0074,19_0014,KoordX,0.0
44,,44,44,A15554,19_0014_0075,19_0014,KoordX,0.0
45,,45,45,A15736,19_0014_0059,19_0014,KoordX,0.0
46,,46,46,A16771,19_0014_0008,19_0014,KoordX,0.0
47,,47,47,A16783,19_0014_0005,19_0014,KoordX,0.0
48,,48,48,A17294,19_0014_0016,19_0014,KoordX,0.0
49,,49,49,A1875,19_0014_0046,19_0014,KoordX,0.0
50,,50,50,A1931,19_0014_0047,19_0014,KoordX,0.0
51,,51,51,A1998,19_0014_0048,19_0014,KoordX,0.0
52,,52,52,A2019,19_0014_0049,19_0014,KoordX,0.0
53,,53,53,A2029,19_0014_0050,19_0014,KoordX,0.0
54,,54,54,A2114,19_0014_0051,19_0014,KoordX,0.0
55,,55,55,A3019,19_0014_0052,19_0014,KoordX,0.0
56,,56,56,A3170,19_0014_0066,19_0014,KoordX,0.0
57,,57,57,A3650,19_0014_0053,19_0014,KoordX,0.0
58,,58,58,A4115,19_0014_0023,19_0014,KoordX,0.0
59,,59,59,A4365,19_0014_0054,19_0014,KoordX,0.0
60,,60,60,A5192,19_0014_0020,19_0014,KoordX,0.0
61,,61,61,A5213,19_0014_0019,19_0014,KoordX,0.0
62,,62,62,A5223,19_0014_0018,19_0014,KoordX,0.0
63,,63,63,A5254,19_0014_0029,19_0014,KoordX,0.0
64,,64,64,A5282,19_0014_0021,19_0014,KoordX,0.0
65,,65,65,A5294,19_0014_0022,19_0014,KoordX,0.0
66,,66,66,A5307,19_0014_0024,19_0014,KoordX,0.0
67,,67,67,A5334,19_0014_0063,19_0014,KoordX,0.0
68,,68,68,A6041,19_0014_0034,19_0014,KoordX,0.0
69,,69,69,A6135,19_0014_0015,19_0014,KoordX,0.0
70,,70,70,A6146,19_0014_0033,19_0014,KoordX,0.0
71,,71,71,A6157,19_0014_0035,19_0014,KoordX,0.0
72,,72,72,A6178,19_0014_0017,19_0014,KoordX,0.0
73,,73,73,A6194,19_0014_0025,19_0014,KoordX,0.0
74,,74,74,A7199,19_0014_0032,19_0014,KoordX,0.0
75,,75,75,A7253,19_0014_0014,19_0014,KoordX,0.0
76,,76,76,A7263,19_0014_0030,19_0014,KoordX,0.0
77,,77,77,A7294,19_0014_0013,19_0014,KoordX,0.0
78,,78,78,A7306,19_0014_0036,19_0014,KoordX,0.0
79,,79,79,A785,19_0014_0043,19_0014,KoordX,0.0
80,,80,80,A8079,19_0014_0007,19_0014,KoordX,0.0
81,,81,81,A8103,19_0014_0009,19_0014,KoordX,0.0
82,,82,82,A8114,19_0014_0011,19_0014,KoordX,0.0
83,,83,83,A8142,19_0014_0026,19_0014,KoordX,0.0
84,,84,84,A8178,19_0014_0031,19_0014,KoordX,0.0
85,,85,85,A8189,19_0014_0012,19_0014,KoordX,0.0
86,,86,86,A8234,19_0014_0010,19_0014,KoordX,0.0
87,,87,87,A9000,19_0014_0027,19_0014,KoordX,0.0
88,,88,88,A9052,19_0014_0028,19_0014,KoordX,0.0
89,,89,89,A9075,19_0014_0003,19_0014,KoordX,0.0
90,,90,90,A9111,19_0014_0001,19_0014,KoordX,0.0
91,,91,91,A9126,19_0014_0004,19_0014,KoordX,0.0
92,,92,92,A9199,19_0014_0006,19_0014,KoordX,0.0
93,,93,93,A957,19_0014_0064,19_0014,KoordX,0.0
94,,94,94,A973,19_0014_0065,19_0014,KoordX,0.0
95,,95,95,A9847,19_0014_0002,19_0014,KoordX,0.0
96,,96,96,11200,22_0005_0001,22_0005,KoordX,0.0
97,,97,97,11201,22_0005_0002,22_0005,KoordX,0.0
98,,98,98,11221,22_0005_0003,22_0005,KoordX,0.0
99,,99,99,12026,22_0005_0004,22_0005,KoordX,0.0
100,,100,100,200125,22_0005_0012,22_0005,KoordX,0.0
101,,101,101,200149,22_0005_0013,22_0005,KoordX,0.0
102,,102,102,200177,22_0005_0009,22_0005,KoordX,0.0
103,,103,103,200473,22_0005_0005,22_0005,KoordX,0.0
104,,104,104,200475,22_0005_0006,22_0005,KoordX,0.0
105,,105,105,23362,22_0005_0010,22_0005,KoordX,0.0
106,,106,106,23434,22_0005_0007,22_0005,KoordX,0.0
107,,107,107,23491,22_0005_0008,22_0005,KoordX,0.0
108,,108,108,23988,22_0005_0011,22_0005,KoordX,0.0
109,,109,109,A2076,22_0015_0017,22_0015,KoordX,
110,,110,110,A2154,22_0015_0020,22_0015,KoordX,
111,,111,111,A2874 G2976,22_0015_0014,22_0015,KoordX,
112,,112,112,A4796,22_0015_0013,22_0015,KoordX,
113,,113,113,M153 St 1,22_0015_0006,22_0015,KoordX,
114,,114,114,M153 St 2,22_0015_0007,22_0015,KoordX,
115,,115,115,M160 St 1,22_0015_0001,22_0015,KoordX,
116,,116,116,M167 St 1,22_0015_0002,22_0015,KoordX,
117,,117,117,M167 St 2,22_0015_0003,22_0015,KoordX,
118,,118,118,M167 St 3,22_0015_0004,22_0015,KoordX,
119,,119,119,M167 St 4,22_0015_0005,22_0015,KoordX,
120,,120,120,M32 Undre del,2022_0015_0009,22_0015,KoordX,
121,,121,121,M32 Övre del,2022_0015_0008,22_0015,KoordX,
122,,122,122,M99 A5085,2022_0015_0010,22_0015,KoordX,
123,,123,123,M99 A5085,2022_0015_0012,22_0015,KoordX,
124,,124,124,31,17 depth 0.10-0.20,DanaBunar2,KoordX,0.0
125,,125,125,31,17a depth 0.00-0.20,DanaBunar2,KoordX,0.0
126,,126,126,32,51 depth 0.00-0.10,DanaBunar2,KoordX,0.0
127,,127,127,32,52 depth 0.10-0.20,DanaBunar2,KoordX,0.0
128,,128,128,32,53 depth 0.00-0.10,DanaBunar2,KoordX,0.0
129,,129,129,33,18 depth 0.20-0.30,DanaBunar2,KoordX,0.0
130,,130,130,33,19 depth 0.00-0.10,DanaBunar2,KoordX,0.0
131,,131,131,33,20 depth 0.10-0.30,DanaBunar2,KoordX,0.0
132,,132,132,33,21 depth 0.30-0.40,DanaBunar2,KoordX,0.0
133,,133,133,33,22 depth 0.20-0.30,DanaBunar2,KoordX,0.0
134,,134,134,37,39 depth 0.10-0.20,DanaBunar2,KoordX,0.0
135,,135,135,37,40 depth 0.20-0.30,DanaBunar2,KoordX,0.0
136,,136,136,37,41 depth 0.00-0.10,DanaBunar2,KoordX,0.0
137,,137,137,37,42 depth 0.00-0.10,DanaBunar2,KoordX,0.0
138,,138,138,38,1 depth 0.48-0.58,DanaBunar2,KoordX,0.0
139,,139,139,38,2 depth 0.35-0.45,DanaBunar2,KoordX,0.0
140,,140,140,38,3 depth 0.35-0.45,DanaBunar2,KoordX,0.0
141,,141,141,38,4 depth 0.00-0.10,DanaBunar2,KoordX,0.0
142,,142,142,38,5 depth 0.30-0.50,DanaBunar2,KoordX,0.0
143,,143,143,39,47 depth 0.00-0.10,DanaBunar2,KoordX,0.0
144,,144,144,39,48 depth 0.10-0.20,DanaBunar2,KoordX,0.0
145,,145,145,41,44 depth 0.00-0.10,DanaBunar2,KoordX,0.0
146,,146,146,41,46 depth 0.30-0.40,DanaBunar2,KoordX,0.0
147,,147,147,42,10 depth 0.10-0.20,DanaBunar2,KoordX,0.0
148,,148,148,42,6 depth 0.00-0.10,DanaBunar2,KoordX,0.0
149,,149,149,42,7 depth 0.00-0.10,DanaBunar2,KoordX,0.0
150,,150,150,42,8 depth 0.10-0.20,DanaBunar2,KoordX,0.0
151,,151,151,42,9 depth 0.10-0.20,DanaBunar2,KoordX,0.0
152,,152,152,44,87 depth 0.06-0.16,DanaBunar2,KoordX,0.0
153,,153,153,44,88 depth 0.20-0.30,DanaBunar2,KoordX,0.0
154,,154,154,44,89 depth 0.30-0.40,DanaBunar2,KoordX,0.0
155,,155,155,44,90 depth 0.16-0.26,DanaBunar2,KoordX,0.0
156,,156,156,44,91 depth 0.10-0.20,DanaBunar2,KoordX,0.0
157,,157,157,44,92 depth 0.00-0.10,DanaBunar2,KoordX,0.0
158,,158,158,44,93 depth 0.30-0.40,DanaBunar2,KoordX,0.0
159,,159,159,46,30 depth 0.60-0.70,DanaBunar2,KoordX,0.0
160,,160,160,46,31 depth 0.50-0.60,DanaBunar2,KoordX,0.0
161,,161,161,46,32 depth 0.60-0.70,DanaBunar2,KoordX,0.0
162,,162,162,46,33 depth 0.30-0.40,DanaBunar2,KoordX,0.0
163,,163,163,46,34 depth 0.40-0.50,DanaBunar2,KoordX,0.0
164,,164,164,46,35 depth 0.30-0.40,DanaBunar2,KoordX,0.0
165,,165,165,47,49 depth 0.10-0.20,DanaBunar2,KoordX,0.0
166,,166,166,47,50 depth 0.10-0.20,DanaBunar2,KoordX,0.0
167,,167,167,55,54 depth 1.00-1.10,DanaBunar2,KoordX,0.0
168,,168,168,55,55 depth 1.00-1.10,DanaBunar2,KoordX,0.0
169,,169,169,58,23 depth 0.10-0.20,DanaBunar2,KoordX,0.0
170,,170,170,58,24 depth 0.30-0.40,DanaBunar2,KoordX,0.0
171,,171,171,58,25 depth 0.00-0.10,DanaBunar2,KoordX,0.0
172,,172,172,58,26 depth 0.10-0.20,DanaBunar2,KoordX,0.0
173,,173,173,58,27 depth 0.30-0.40,DanaBunar2,KoordX,0.0
174,,174,174,58,28 depth 0.20-0.30,DanaBunar2,KoordX,0.0
175,,175,175,64,11 depth 0.10-0.20,DanaBunar2,KoordX,0.0
176,,176,176,64,12 depth 0.36-0.46,DanaBunar2,KoordX,0.0
177,,177,177,64,13 depth 0.26-0.36,DanaBunar2,KoordX,0.0
178,,178,178,64,16 depth 0.48-0.58,DanaBunar2,KoordX,0.0
179,,179,179,2709_fond,Isw 2013/32,Iswid,KoordX,
180,,180,180,2905 fond,Isw 2013/26,Iswid,KoordX,
181,,181,181,2913 fond,Isw 2013/33,Iswid,KoordX,
182,,182,182,foyer 2174,Isw 2013/15,Iswid,KoordX,
183,,183,183,US 10503,Isw 2013/8,Iswid,KoordX,
184,,184,184,US 10521,Isw 2013/20,Iswid,KoordX,
185,,185,185,US 10534,Isw 2013/21,Iswid,KoordX,
186,,186,186,US 10610,Isw 2013/25,Iswid,KoordX,
187,,187,187,US 11004,Isw 2013/22,Iswid,KoordX,
188,,188,188,US 11012,Isw 2013/27,Iswid,KoordX,
189,,189,189,US 11067,Isw 2013/28,Iswid,KoordX,
190,,190,190,US 12025,Isw 2013/25,Iswid,KoordX,
191,,191,191,US 12040,Isw 2013/29,Iswid,KoordX,
192,,192,192,US 12047,Isw 2013/30,Iswid,KoordX,
193,,193,193,US 12504,Isw 2013/31,Iswid,KoordX,
194,,194,194,US 13017,Isw 2015/18,Iswid,KoordX,
195,,195,195,US 13017,Isw 2016/41,Iswid,KoordX,
196,,196,196,US 13065,Isw 2015/25,Iswid,KoordX,
197,,197,197,US 13066,Isw 2015/4,Iswid,KoordX,
198,,198,198,US 13083,Isw 2015/22,Iswid,KoordX,
199,,199,199,US 13099,Isw 2015/9,Iswid,KoordX,
200,,200,200,US 13145,Isw 2015/21,Iswid,KoordX,
201,,201,201,US 13516,Isw 2015/8,Iswid,KoordX,
202,,202,202,US 13526,Isw 2015/2,Iswid,KoordX,
203,,203,203,US 13572,Isw 2015/12,Iswid,KoordX,
204,,204,204,US 13610,Isw 2015/11,Iswid,KoordX,
205,,205,205,US 13632,Isw 2016/15,Iswid,KoordX,
206,,206,206,US 13639,Isw2015/26,Iswid,KoordX,
207,,207,207,US 13657,Isw 2015/17,Iswid,KoordX,
208,,208,208,US 13705,Isw 2015/10,Iswid,KoordX,
209,,209,209,US 13791,Isw 2015/5,Iswid,KoordX,
210,,210,210,US 13791 (3),Isw 2015/7,Iswid,KoordX,
211,,211,211,US 13802,Isw 2015/20,Iswid,KoordX,
212,,212,212,US 13971,Isw 2015/7,Iswid,KoordX,
213,,213,213,US 14021,Isw 2015/1,Iswid,KoordX,
214,,214,214,US 14038,Isw 2015/3,Iswid,KoordX,
215,,215,215,US 14050,Isw 2015/24,Iswid,KoordX,
216,,216,216,US 14078,Isw 2916/23,Iswid,KoordX,
217,,217,217,US 14131,Isw 2015/13,Iswid,KoordX,
218,,218,218,US 14131,Isw 2016/12,Iswid,KoordX,
219,,219,219,US 14158,Isw 2015/14,Iswid,KoordX,
220,,220,220,US 14418,Isw 2016/34,Iswid,KoordX,
221,,221,221,US 14495,Isw 16/37,Iswid,KoordX,
222,,222,222,US 14509,16-Jan,Iswid,KoordX,
223,,223,223,US 14636,Isw 16/35,Iswid,KoordX,
224,,224,224,US 15067,Isw 2017/7,Iswid,KoordX,
225,,225,225,US 15071,Isw 17/4,Iswid,KoordX,
226,,226,226,US 15108,Isw 17/1,Iswid,KoordX,
227,,227,227,US 15140,Isw17/26,Iswid,KoordX,
228,,228,228,US 16183,Isw 2017/8,Iswid,KoordX,
229,,229,229,US 16287_F4185 (TR.),Isw 17/23,Iswid,KoordX,
230,,230,230,US 16323_F4199(foye,Isw 17/29,Iswid,KoordX,
231,,231,231,US 6712,Isw 2013/13,Iswid,KoordX,
232,,232,232,US 6773,Isw 2013/7,Iswid,KoordX,
233,,233,233,US 6803,Isw 2013/10,Iswid,KoordX,
234,,234,234,US 6810,Isw 2013/5,Iswid,KoordX,
235,,235,235,US 6827,Isw 2013/2,Iswid,KoordX,
236,,236,236,US 6854,Isw 2013/4,Iswid,KoordX,
237,,237,237,US 6863,Isw 2013/12,Iswid,KoordX,
238,,238,238,US 6875,Isw 2013/14,Iswid,KoordX,
239,,239,239,US 9036,Isw 2013/3,Iswid,KoordX,
240,,240,240,US 9200,Isw 2013/1,Iswid,KoordX,
241,,241,241,US 9321,Isw 2013/6,Iswid,KoordX,
242,,242,242,US 9404_foyer 2093,Isw 2013/17,Iswid,KoordX,
243,,243,243,US 9519,Isw 2013/11,Iswid,KoordX,
244,,244,244,US 9859/9860,Isw 2013/16,Iswid,KoordX,
245,,245,245,US 9870_foyer2163,1,Iswid,KoordX,
246,,246,246,US 9880_foyer 2166,Isw 2013/19,Iswid,KoordX,
247,,1,1,P16,18_0025_0003,18_0025,KoordY,0.0
248,,2,2,P18,18_0025_0004,18_0025,KoordY,0.0
249,,3,3,P20,18_0025_0005,18_0025,KoordY,0.0
250,,4,4,P5,18_0025_0001,18_0025,KoordY,0.0
251,,5,5,P6,18_0025_0002,18_0025,KoordY,0.0
252,,6,6,A11148,19_0013_0013,19_0013,KoordY,0.0
253,,7,7,A11148,19_0013_0014,19_0013,KoordY,0.0
254,,8,8,A11148,19_0013_0015,19_0013,KoordY,0.0
255,,9,9,A11148,19_0013_0020,19_0013,KoordY,0.0
256,,10,10,A479,19_0013_0010,19_0013,KoordY,0.0
257,,11,11,A479,19_0013_0011,19_0013,KoordY,0.0
258,,12,12,A479,19_0013_0012,19_0013,KoordY,0.0
259,,13,13,A479,19_0013_0019,19_0013,KoordY,0.0
260,,14,14,A6214,19_0013_0007,19_0013,KoordY,0.0
261,,15,15,A6214,19_0013_0008,19_0013,KoordY,0.0
262,,16,16,A6214,19_0013_0009,19_0013,KoordY,0.0
263,,17,17,A6214,19_0013_0018,19_0013,KoordY,0.0
264,,18,18,A8090,19_0013_0004,19_0013,KoordY,0.0
265,,19,19,A8090,19_0013_0005,19_0013,KoordY,0.0
266,,20,20,A8090,19_0013_0006,19_0013,KoordY,0.0
267,,21,21,A8090,19_0013_0017,19_0013,KoordY,0.0
268,,22,22,A9063,19_0013_0001,19_0013,KoordY,0.0
269,,23,23,A9063,19_0013_0002,19_0013,KoordY,0.0
270,,24,24,A9063,19_0013_0003,19_0013,KoordY,0.0
271,,25,25,A9063,19_0013_0016,19_0013,KoordY,0.0
272,,26,26,A10143,19_0014_0040,19_0014,KoordY,0.0
273,,27,27,A10153,19_0014_0037,19_0014,KoordY,0.0
274,,28,28,A10189,19_0014_0042,19_0014,KoordY,0.0
275,,29,29,A10229,19_0014_0039,19_0014,KoordY,0.0
276,,30,30,A10697,19_0014_0067,19_0014,KoordY,0.0
277,,31,31,A10990,19_0014_0055,19_0014,KoordY,0.0
278,,32,32,A11339,19_0014_0068,19_0014,KoordY,0.0
279,,33,33,A1196,19_0014_0044,19_0014,KoordY,0.0
280,,34,34,A12024,19_0014_0056,19_0014,KoordY,0.0
281,,35,35,A12024,19_0014_0057,19_0014,KoordY,0.0
282,,36,36,A12034,19_0014_0058,19_0014,KoordY,0.0
283,,37,37,A12435,19_0014_0069,19_0014,KoordY,0.0
284,,38,38,A13064,19_0014_0071,19_0014,KoordY,0.0
285,,39,39,A13200,19_0014_0041,19_0014,KoordY,0.0
286,,40,40,A13299,19_0014_0072,19_0014,KoordY,0.0
287,,41,41,A13837,19_0014_0060,19_0014,KoordY,0.0
288,,42,42,A15333,19_0014_0061,19_0014,KoordY,0.0
289,,43,43,A15344,19_0014_0074,19_0014,KoordY,0.0
290,,44,44,A15554,19_0014_0075,19_0014,KoordY,0.0
291,,45,45,A15736,19_0014_0059,19_0014,KoordY,0.0
292,,46,46,A16771,19_0014_0008,19_0014,KoordY,0.0
293,,47,47,A16783,19_0014_0005,19_0014,KoordY,0.0
294,,48,48,A17294,19_0014_0016,19_0014,KoordY,0.0
295,,49,49,A1875,19_0014_0046,19_0014,KoordY,0.0
296,,50,50,A1931,19_0014_0047,19_0014,KoordY,0.0
297,,51,51,A1998,19_0014_0048,19_0014,KoordY,0.0
298,,52,52,A2019,19_0014_0049,19_0014,KoordY,0.0
299,,53,53,A2029,19_0014_0050,19_0014,KoordY,0.0
300,,54,54,A2114,19_0014_0051,19_0014,KoordY,0.0
301,,55,55,A3019,19_0014_0052,19_0014,KoordY,0.0
302,,56,56,A3170,19_0014_0066,19_0014,KoordY,0.0
303,,57,57,A3650,19_0014_0053,19_0014,KoordY,0.0
304,,58,58,A4115,19_0014_0023,19_0014,KoordY,0.0
305,,59,59,A4365,19_0014_0054,19_0014,KoordY,0.0
306,,60,60,A5192,19_0014_0020,19_0014,KoordY,0.0
307,,61,61,A5213,19_0014_0019,19_0014,KoordY,0.0
308,,62,62,A5223,19_0014_0018,19_0014,KoordY,0.0
309,,63,63,A5254,19_0014_0029,19_0014,KoordY,0.0
310,,64,64,A5282,19_0014_0021,19_0014,KoordY,0.0
311,,65,65,A5294,19_0014_0022,19_0014,KoordY,0.0
312,,66,66,A5307,19_0014_0024,19_0014,KoordY,0.0
313,,67,67,A5334,19_0014_0063,19_0014,KoordY,0.0
314,,68,68,A6041,19_0014_0034,19_0014,KoordY,0.0
315,,69,69,A6135,19_0014_0015,19_0014,KoordY,0.0
316,,70,70,A6146,19_0014_0033,19_0014,KoordY,0.0
317,,71,71,A6157,19_0014_0035,19_0014,KoordY,0.0
318,,72,72,A6178,19_0014_0017,19_0014,KoordY,0.0
319,,73,73,A6194,19_0014_0025,19_0014,KoordY,0.0
320,,74,74,A7199,19_0014_0032,19_0014,KoordY,0.0
321,,75,75,A7253,19_0014_0014,19_0014,KoordY,0.0
322,,76,76,A7263,19_0014_0030,19_0014,KoordY,0.0
323,,77,77,A7294,19_0014_0013,19_0014,KoordY,0.0
324,,78,78,A7306,19_0014_0036,19_0014,KoordY,0.0
325,,79,79,A785,19_0014_0043,19_0014,KoordY,0.0
326,,80,80,A8079,19_0014_0007,19_0014,KoordY,0.0
327,,81,81,A8103,19_0014_0009,19_0014,KoordY,0.0
328,,82,82,A8114,19_0014_0011,19_0014,KoordY,0.0
329,,83,83,A8142,19_0014_0026,19_0014,KoordY,0.0
330,,84,84,A8178,19_0014_0031,19_0014,KoordY,0.0
331,,85,85,A8189,19_0014_0012,19_0014,KoordY,0.0
332,,86,86,A8234,19_0014_0010,19_0014,KoordY,0.0
333,,87,87,A9000,19_0014_0027,19_0014,KoordY,0.0
334,,88,88,A9052,19_0014_0028,19_0014,KoordY,0.0
335,,89,89,A9075,19_0014_0003,19_0014,KoordY,0.0
336,,90,90,A9111,19_0014_0001,19_0014,KoordY,0.0
337,,91,91,A9126,19_0014_0004,19_0014,KoordY,0.0
338,,92,92,A9199,19_0014_0006,19_0014,KoordY,0.0
339,,93,93,A957,19_0014_0064,19_0014,KoordY,0.0
340,,94,94,A973,19_0014_0065,19_0014,KoordY,0.0
341,,95,95,A9847,19_0014_0002,19_0014,KoordY,0.0
342,,96,96,11200,22_0005_0001,22_0005,KoordY,0.0
343,,97,97,11201,22_0005_0002,22_0005,KoordY,0.0
344,,98,98,11221,22_0005_0003,22_0005,KoordY,0.0
345,,99,99,12026,22_0005_0004,22_0005,KoordY,0.0
346,,100,100,200125,22_0005_0012,22_0005,KoordY,0.0
347,,101,101,200149,22_0005_0013,22_0005,KoordY,0.0
348,,102,102,200177,22_0005_0009,22_0005,KoordY,0.0
349,,103,103,200473,22_0005_0005,22_0005,KoordY,0.0
350,,104,104,200475,22_0005_0006,22_0005,KoordY,0.0
351,,105,105,23362,22_0005_0010,22_0005,KoordY,0.0
352,,106,106,23434,22_0005_0007,22_0005,KoordY,0.0
353,,107,107,23491,22_0005_0008,22_0005,KoordY,0.0
354,,108,108,23988,22_0005_0011,22_0005,KoordY,0.0
355,,109,109,A2076,22_0015_0017,22_0015,KoordY,
356,,110,110,A2154,22_0015_0020,22_0015,KoordY,
357,,111,111,A2874 G2976,22_0015_0014,22_0015,KoordY,
358,,112,112,A4796,22_0015_0013,22_0015,KoordY,
359,,113,113,M153 St 1,22_0015_0006,22_0015,KoordY,
360,,114,114,M153 St 2,22_0015_0007,22_0015,KoordY,
361,,115,115,M160 St 1,22_0015_0001,22_0015,KoordY,
362,,116,116,M167 St 1,22_0015_0002,22_0015,KoordY,
363,,117,117,M167 St 2,22_0015_0003,22_0015,KoordY,
364,,118,118,M167 St 3,22_0015_0004,22_0015,KoordY,
365,,119,119,M167 St 4,22_0015_0005,22_0015,KoordY,
366,,120,120,M32 Undre del,2022_0015_0009,22_0015,KoordY,
367,,121,121,M32 Övre del,2022_0015_0008,22_0015,KoordY,
368,,122,122,M99 A5085,2022_0015_0010,22_0015,KoordY,
369,,123,123,M99 A5085,2022_0015_0012,22_0015,KoordY,
370,,124,124,31,17 depth 0.10-0.20,DanaBunar2,KoordY,0.0
371,,125,125,31,17a depth 0.00-0.20,DanaBunar2,KoordY,0.0
372,,126,126,32,51 depth 0.00-0.10,DanaBunar2,KoordY,0.0
373,,127,127,32,52 depth 0.10-0.20,DanaBunar2,KoordY,0.0
374,,128,128,32,53 depth 0.00-0.10,DanaBunar2,KoordY,0.0
375,,129,129,33,18 depth 0.20-0.30,DanaBunar2,KoordY,0.0
376,,130,130,33,19 depth 0.00-0.10,DanaBunar2,KoordY,0.0
377,,131,131,33,20 depth 0.10-0.30,DanaBunar2,KoordY,0.0
378,,132,132,33,21 depth 0.30-0.40,DanaBunar2,KoordY,0.0
379,,133,133,33,22 depth 0.20-0.30,DanaBunar2,KoordY,0.0
380,,134,134,37,39 depth 0.10-0.20,DanaBunar2,KoordY,0.0
381,,135,135,37,40 depth 0.20-0.30,DanaBunar2,KoordY,0.0
382,,136,136,37,41 depth 0.00-0.10,DanaBunar2,KoordY,0.0
383,,137,137,37,42 depth 0.00-0.10,DanaBunar2,KoordY,0.0
384,,138,138,38,1 depth 0.48-0.58,DanaBunar2,KoordY,0.0
385,,139,139,38,2 depth 0.35-0.45,DanaBunar2,KoordY,0.0
386,,140,140,38,3 depth 0.35-0.45,DanaBunar2,KoordY,0.0
387,,141,141,38,4 depth 0.00-0.10,DanaBunar2,KoordY,0.0
388,,142,142,38,5 depth 0.30-0.50,DanaBunar2,KoordY,0.0
389,,143,143,39,47 depth 0.00-0.10,DanaBunar2,KoordY,0.0
390,,144,144,39,48 depth 0.10-0.20,DanaBunar2,KoordY,0.0
391,,145,145,41,44 depth 0.00-0.10,DanaBunar2,KoordY,0.0
392,,146,146,41,46 depth 0.30-0.40,DanaBunar2,KoordY,0.0
393,,147,147,42,10 depth 0.10-0.20,DanaBunar2,KoordY,0.0
394,,148,148,42,6 depth 0.00-0.10,DanaBunar2,KoordY,0.0
395,,149,149,42,7 depth 0.00-0.10,DanaBunar2,KoordY,0.0
396,,150,150,42,8 depth 0.10-0.20,DanaBunar2,KoordY,0.0
397,,151,151,42,9 depth 0.10-0.20,DanaBunar2,KoordY,0.0
398,,152,152,44,87 depth 0.06-0.16,DanaBunar2,KoordY,0.0
399,,153,153,44,88 depth 0.20-0.30,DanaBunar2,KoordY,0.0
400,,154,154,44,89 depth 0.30-0.40,DanaBunar2,KoordY,0.0
401,,155,155,44,90 depth 0.16-0.26,DanaBunar2,KoordY,0.0
402,,156,156,44,91 depth 0.10-0.20,DanaBunar2,KoordY,0.0
403,,157,157,44,92 depth 0.00-0.10,DanaBunar2,KoordY,0.0
404,,158,158,44,93 depth 0.30-0.40,DanaBunar2,KoordY,0.0
405,,159,159,46,30 depth 0.60-0.70,DanaBunar2,KoordY,0.0
406,,160,160,46,31 depth 0.50-0.60,DanaBunar2,KoordY,0.0
407,,161,161,46,32 depth 0.60-0.70,DanaBunar2,KoordY,0.0
408,,162,162,46,33 depth 0.30-0.40,DanaBunar2,KoordY,0.0
409,,163,163,46,34 depth 0.40-0.50,DanaBunar2,KoordY,0.0
410,,164,164,46,35 depth 0.30-0.40,DanaBunar2,KoordY,0.0
411,,165,165,47,49 depth 0.10-0.20,DanaBunar2,KoordY,0.0
412,,166,166,47,50 depth 0.10-0.20,DanaBunar2,KoordY,0.0
413,,167,167,55,54 depth 1.00-1.10,DanaBunar2,KoordY,0.0
414,,168,168,55,55 depth 1.00-1.10,DanaBunar2,KoordY,0.0
415,,169,169,58,23 depth 0.10-0.20,DanaBunar2,KoordY,0.0
416,,170,170,58,24 depth 0.30-0.40,DanaBunar2,KoordY,0.0
417,,171,171,58,25 depth 0.00-0.10,DanaBunar2,KoordY,0.0
418,,172,172,58,26 depth 0.10-0.20,DanaBunar2,KoordY,0.0
419,,173,173,58,27 depth 0.30-0.40,DanaBunar2,KoordY,0.0
420,,174,174,58,28 depth 0.20-0.30,DanaBunar2,KoordY,0.0
421,,175,175,64,11 depth 0.10-0.20,DanaBunar2,KoordY,0.0
422,,176,176,64,12 depth 0.36-0.46,DanaBunar2,KoordY,0.0
423,,177,177,64,13 depth 0.26-0.36,DanaBunar2,KoordY,0.0
424,,178,178,64,16 depth 0.48-0.58,DanaBunar2,KoordY,0.0
425,,179,179,2709_fond,Isw 2013/32,Iswid,KoordY,
426,,180,180,2905 fond,Isw 2013/26,Iswid,KoordY,
427,,181,181,2913 fond,Isw 2013/33,Iswid,KoordY,
428,,182,182,foyer 2174,Isw 2013/15,Iswid,KoordY,
429,,183,183,US 10503,Isw 2013/8,Iswid,KoordY,
430,,184,184,US 10521,Isw 2013/20,Iswid,KoordY,
431,,185,185,US 10534,Isw 2013/21,Iswid,KoordY,
432,,186,186,US 10610,Isw 2013/25,Iswid,KoordY,
433,,187,187,US 11004,Isw 2013/22,Iswid,KoordY,
434,,188,188,US 11012,Isw 2013/27,Iswid,KoordY,
435,,189,189,US 11067,Isw 2013/28,Iswid,KoordY,
436,,190,190,US 12025,Isw 2013/25,Iswid,KoordY,
437,,191,191,US 12040,Isw 2013/29,Iswid,KoordY,
438,,192,192,US 12047,Isw 2013/30,Iswid,KoordY,
439,,193,193,US 12504,Isw 2013/31,Iswid,KoordY,
440,,194,194,US 13017,Isw 2015/18,Iswid,KoordY,
441,,195,195,US 13017,Isw 2016/41,Iswid,KoordY,
442,,196,196,US 13065,Isw 2015/25,Iswid,KoordY,
443,,197,197,US 13066,Isw 2015/4,Iswid,KoordY,
444,,198,198,US 13083,Isw 2015/22,Iswid,KoordY,
445,,199,199,US 13099,Isw 2015/9,Iswid,KoordY,
446,,200,200,US 13145,Isw 2015/21,Iswid,KoordY,
447,,201,201,US 13516,Isw 2015/8,Iswid,KoordY,
448,,202,202,US 13526,Isw 2015/2,Iswid,KoordY,
449,,203,203,US 13572,Isw 2015/12,Iswid,KoordY,
450,,204,204,US 13610,Isw 2015/11,Iswid,KoordY,
451,,205,205,US 13632,Isw 2016/15,Iswid,KoordY,
452,,206,206,US 13639,Isw2015/26,Iswid,KoordY,
453,,207,207,US 13657,Isw 2015/17,Iswid,KoordY,
454,,208,208,US 13705,Isw 2015/10,Iswid,KoordY,
455,,209,209,US 13791,Isw 2015/5,Iswid,KoordY,
456,,210,210,US 13791 (3),Isw 2015/7,Iswid,KoordY,
457,,211,211,US 13802,Isw 2015/20,Iswid,KoordY,
458,,212,212,US 13971,Isw 2015/7,Iswid,KoordY,
459,,213,213,US 14021,Isw 2015/1,Iswid,KoordY,
460,,214,214,US 14038,Isw 2015/3,Iswid,KoordY,
461,,215,215,US 14050,Isw 2015/24,Iswid,KoordY,
462,,216,216,US 14078,Isw 2916/23,Iswid,KoordY,
463,,217,217,US 14131,Isw 2015/13,Iswid,KoordY,
464,,218,218,US 14131,Isw 2016/12,Iswid,KoordY,
465,,219,219,US 14158,Isw 2015/14,Iswid,KoordY,
466,,220,220,US 14418,Isw 2016/34,Iswid,KoordY,
467,,221,221,US 14495,Isw 16/37,Iswid,KoordY,
468,,222,222,US 14509,16-Jan,Iswid,KoordY,
469,,223,223,US 14636,Isw 16/35,Iswid,KoordY,
470,,224,224,US 15067,Isw 2017/7,Iswid,KoordY,
471,,225,225,US 15071,Isw 17/4,Iswid,KoordY,
472,,226,226,US 15108,Isw 17/1,Iswid,KoordY,
473,,227,227,US 15140,Isw17/26,Iswid,KoordY,
474,,228,228,US 16183,Isw 2017/8,Iswid,KoordY,
475,,229,229,US 16287_F4185 (TR.),Isw 17/23,Iswid,KoordY,
476,,230,230,US 16323_F4199(foye,Isw 17/29,Iswid,KoordY,
477,,231,231,US 6712,Isw 2013/13,Iswid,KoordY,
478,,232,232,US 6773,Isw 2013/7,Iswid,KoordY,
479,,233,233,US 6803,Isw 2013/10,Iswid,KoordY,
480,,234,234,US 6810,Isw 2013/5,Iswid,KoordY,
481,,235,235,US 6827,Isw 2013/2,Iswid,KoordY,
482,,236,236,US 6854,Isw 2013/4,Iswid,KoordY,
483,,237,237,US 6863,Isw 2013/12,Iswid,KoordY,
484,,238,238,US 6875,Isw 2013/14,Iswid,KoordY,
485,,239,239,US 9036,Isw 2013/3,Iswid,KoordY,
486,,240,240,US 9200,Isw 2013/1,Iswid,KoordY,
487,,241,241,US 9321,Isw 2013/6,Iswid,KoordY,
488,,242,242,US 9404_foyer 2093,Isw 2013/17,Iswid,KoordY,
489,,243,243,US 9519,Isw 2013/11,Iswid,KoordY,
490,,244,244,US 9859/9860,Isw 2013/16,Iswid,KoordY,
491,,245,245,US 9870_foyer2163,1,Iswid,KoordY,
492,,246,246,US 9880_foyer 2166,Isw 2013/19,Iswid,KoordY,
493,,1,1,P16,18_0025_0003,18_0025,KoordZ,0.0
494,,2,2,P18,18_0025_0004,18_0025,KoordZ,0.0
495,,3,3,P20,18_0025_0005,18_0025,KoordZ,0.0
496,,4,4,P5,18_0025_0001,18_0025,KoordZ,0.0
497,,5,5,P6,18_0025_0002,18_0025,KoordZ,0.0
498,,6,6,A11148,19_0013_0013,19_0013,KoordZ,0.0
499,,7,7,A11148,19_0013_0014,19_0013,KoordZ,0.0
500,,8,8,A11148,19_0013_0015,19_0013,KoordZ,0.0
501,,9,9,A11148,19_0013_0020,19_0013,KoordZ,0.0
502,,10,10,A479,19_0013_0010,19_0013,KoordZ,
503,,11,11,A479,19_0013_0011,19_0013,KoordZ,0.0
504,,12,12,A479,19_0013_0012,19_0013,KoordZ,0.0
505,,13,13,A479,19_0013_0019,19_0013,KoordZ,0.0
506,,14,14,A6214,19_0013_0007,19_0013,KoordZ,0.0
507,,15,15,A6214,19_0013_0008,19_0013,KoordZ,0.0
508,,16,16,A6214,19_0013_0009,19_0013,KoordZ,0.0
509,,17,17,A6214,19_0013_0018,19_0013,KoordZ,0.0
510,,18,18,A8090,19_0013_0004,19_0013,KoordZ,0.0
511,,19,19,A8090,19_0013_0005,19_0013,KoordZ,0.0
512,,20,20,A8090,19_0013_0006,19_0013,KoordZ,0.0
513,,21,21,A8090,19_0013_0017,19_0013,KoordZ,0.0
514,,22,22,A9063,19_0013_0001,19_0013,KoordZ,0.0
515,,23,23,A9063,19_0013_0002,19_0013,KoordZ,0.0
516,,24,24,A9063,19_0013_0003,19_0013,KoordZ,0.0
517,,25,25,A9063,19_0013_0016,19_0013,KoordZ,0.0
518,,26,26,A10143,19_0014_0040,19_0014,KoordZ,0.0
519,,27,27,A10153,19_0014_0037,19_0014,KoordZ,0.0
520,,28,28,A10189,19_0014_0042,19_0014,KoordZ,0.0
521,,29,29,A10229,19_0014_0039,19_0014,KoordZ,0.0
522,,30,30,A10697,19_0014_0067,19_0014,KoordZ,0.0
523,,31,31,A10990,19_0014_0055,19_0014,KoordZ,0.0
524,,32,32,A11339,19_0014_0068,19_0014,KoordZ,0.0
525,,33,33,A1196,19_0014_0044,19_0014,KoordZ,0.0
526,,34,34,A12024,19_0014_0056,19_0014,KoordZ,0.0
527,,35,35,A12024,19_0014_0057,19_0014,KoordZ,0.0
528,,36,36,A12034,19_0014_0058,19_0014,KoordZ,0.0
529,,37,37,A12435,19_0014_0069,19_0014,KoordZ,0.0
530,,38,38,A13064,19_0014_0071,19_0014,KoordZ,0.0
531,,39,39,A13200,19_0014_0041,19_0014,KoordZ,0.0
532,,40,40,A13299,19_0014_0072,19_0014,KoordZ,0.0
533,,41,41,A13837,19_0014_0060,19_0014,KoordZ,0.0
534,,42,42,A15333,19_0014_0061,19_0014,KoordZ,0.0
535,,43,43,A15344,19_0014_0074,19_0014,KoordZ,0.0
536,,44,44,A15554,19_0014_0075,19_0014,KoordZ,0.0
537,,45,45,A15736,19_0014_0059,19_0014,KoordZ,0.0
538,,46,46,A16771,19_0014_0008,19_0014,KoordZ,0.0
539,,47,47,A16783,19_0014_0005,19_0014,KoordZ,0.0
540,,48,48,A17294,19_0014_0016,19_0014,KoordZ,0.0
541,,49,49,A1875,19_0014_0046,19_0014,KoordZ,0.0
542,,50,50,A1931,19_0014_0047,19_0014,KoordZ,0.0
543,,51,51,A1998,19_0014_0048,19_0014,KoordZ,0.0
544,,52,52,A2019,19_0014_0049,19_0014,KoordZ,0.0
545,,53,53,A2029,19_0014_0050,19_0014,KoordZ,0.0
546,,54,54,A2114,19_0014_0051,19_0014,KoordZ,0.0
547,,55,55,A3019,19_0014_0052,19_0014,KoordZ,0.0
548,,56,56,A3170,19_0014_0066,19_0014,KoordZ,0.0
549,,57,57,A3650,19_0014_0053,19_0014,KoordZ,0.0
550,,58,58,A4115,19_0014_0023,19_0014,KoordZ,0.0
551,,59,59,A4365,19_0014_0054,19_0014,KoordZ,0.0
552,,60,60,A5192,19_0014_0020,19_0014,KoordZ,0.0
553,,61,61,A5213,19_0014_0019,19_0014,KoordZ,0.0
554,,62,62,A5223,19_0014_0018,19_0014,KoordZ,0.0
555,,63,63,A5254,19_0014_0029,19_0014,KoordZ,0.0
556,,64,64,A5282,19_0014_0021,19_0014,KoordZ,0.0
557,,65,65,A5294,19_0014_0022,19_0014,KoordZ,0.0
558,,66,66,A5307,19_0014_0024,19_0014,KoordZ,0.0
559,,67,67,A5334,19_0014_0063,19_0014,KoordZ,0.0
560,,68,68,A6041,19_0014_0034,19_0014,KoordZ,0.0
561,,69,69,A6135,19_0014_0015,19_0014,KoordZ,0.0
562,,70,70,A6146,19_0014_0033,19_0014,KoordZ,0.0
563,,71,71,A6157,19_0014_0035,19_0014,KoordZ,0.0
564,,72,72,A6178,19_0014_0017,19_0014,KoordZ,0.0
565,,73,73,A6194,19_0014_0025,19_0014,KoordZ,0.0
566,,74,74,A7199,19_0014_0032,19_0014,KoordZ,0.0
567,,75,75,A7253,19_0014_0014,19_0014,KoordZ,0.0
568,,76,76,A7263,19_0014_0030,19_0014,KoordZ,0.0
569,,77,77,A7294,19_0014_0013,19_0014,KoordZ,0.0
570,,78,78,A7306,19_0014_0036,19_0014,KoordZ,0.0
571,,79,79,A785,19_0014_0043,19_0014,KoordZ,0.0
572,,80,80,A8079,19_0014_0007,19_0014,KoordZ,0.0
573,,81,81,A8103,19_0014_0009,19_0014,KoordZ,0.0
574,,82,82,A8114,19_0014_0011,19_0014,KoordZ,0.0
575,,83,83,A8142,19_0014_0026,19_0014,KoordZ,0.0
576,,84,84,A8178,19_0014_0031,19_0014,KoordZ,0.0
577,,85,85,A8189,19_0014_0012,19_0014,KoordZ,0.0
578,,86,86,A8234,19_0014_0010,19_0014,KoordZ,0.0
579,,87,87,A9000,19_0014_0027,19_0014,KoordZ,0.0
580,,88,88,A9052,19_0014_0028,19_0014,KoordZ,0.0
581,,89,89,A9075,19_0014_0003,19_0014,KoordZ,0.0
582,,90,90,A9111,19_0014_0001,19_0014,KoordZ,0.0
583,,91,91,A9126,19_0014_0004,19_0014,KoordZ,0.0
584,,92,92,A9199,19_0014_0006,19_0014,KoordZ,0.0
585,,93,93,A957,19_0014_0064,19_0014,KoordZ,0.0
586,,94,94,A973,19_0014_0065,19_0014,KoordZ,0.0
587,,95,95,A9847,19_0014_0002,19_0014,KoordZ,0.0
588,,96,96,11200,22_0005_0001,22_0005,KoordZ,0.0
589,,97,97,11201,22_0005_0002,22_0005,KoordZ,0.0
590,,98,98,11221,22_0005_0003,22_0005,KoordZ,0.0
591,,99,99,12026,22_0005_0004,22_0005,KoordZ,0.0
592,,100,100,200125,22_0005_0012,22_0005,KoordZ,0.0
593,,101,101,200149,22_0005_0013,22_0005,KoordZ,0.0
594,,102,102,200177,22_0005_0009,22_0005,KoordZ,0.0
595,,103,103,200473,22_0005_0005,22_0005,KoordZ,0.0
596,,104,104,200475,22_0005_0006,22_0005,KoordZ,0.0
597,,105,105,23362,22_0005_0010,22_0005,KoordZ,0.0
598,,106,106,23434,22_0005_0007,22_0005,KoordZ,0.0
599,,107,107,23491,22_0005_0008,22_0005,KoordZ,0.0
600,,108,108,23988,22_0005_0011,22_0005,KoordZ,0.0
601,,109,109,A2076,22_0015_0017,22_0015,KoordZ,
602,,110,110,A2154,22_0015_0020,22_0015,KoordZ,
603,,111,111,A2874 G2976,22_0015_0014,22_0015,KoordZ,
604,,112,112,A4796,22_0015_0013,22_0015,KoordZ,
605,,113,113,M153 St 1,22_0015_0006,22_0015,KoordZ,
606,,114,114,M153 St 2,22_0015_0007,22_0015,KoordZ,
607,,115,115,M160 St 1,22_0015_0001,22_0015,KoordZ,
608,,116,116,M167 St 1,22_0015_0002,22_0015,KoordZ,
609,,117,117,M167 St 2,22_0015_0003,22_0015,KoordZ,
610,,118,118,M167 St 3,22_0015_0004,22_0015,KoordZ,
611,,119,119,M167 St 4,22_0015_0005,22_0015,KoordZ,
612,,120,120,M32 Undre del,2022_0015_0009,22_0015,KoordZ,
613,,121,121,M32 Övre del,2022_0015_0008,22_0015,KoordZ,
614,,122,122,M99 A5085,2022_0015_0010,22_0015,KoordZ,
615,,123,123,M99 A5085,2022_0015_0012,22_0015,KoordZ,
616,,124,124,31,17 depth 0.10-0.20,DanaBunar2,KoordZ,0.0
617,,125,125,31,17a depth 0.00-0.20,DanaBunar2,KoordZ,0.0
618,,126,126,32,51 depth 0.00-0.10,DanaBunar2,KoordZ,0.0
619,,127,127,32,52 depth 0.10-0.20,DanaBunar2,KoordZ,0.0
620,,128,128,32,53 depth 0.00-0.10,DanaBunar2,KoordZ,0.0
621,,129,129,33,18 depth 0.20-0.30,DanaBunar2,KoordZ,0.0
622,,130,130,33,19 depth 0.00-0.10,DanaBunar2,KoordZ,0.0
623,,131,131,33,20 depth 0.10-0.30,DanaBunar2,KoordZ,0.0
624,,132,132,33,21 depth 0.30-0.40,DanaBunar2,KoordZ,0.0
625,,133,133,33,22 depth 0.20-0.30,DanaBunar2,KoordZ,0.0
626,,134,134,37,39 depth 0.10-0.20,DanaBunar2,KoordZ,0.0
627,,135,135,37,40 depth 0.20-0.30,DanaBunar2,KoordZ,0.0
628,,136,136,37,41 depth 0.00-0.10,DanaBunar2,KoordZ,0.0
629,,137,137,37,42 depth 0.00-0.10,DanaBunar2,KoordZ,0.0
630,,138,138,38,1 depth 0.48-0.58,DanaBunar2,KoordZ,0.0
631,,139,139,38,2 depth 0.35-0.45,DanaBunar2,KoordZ,0.0
632,,140,140,38,3 depth 0.35-0.45,DanaBunar2,KoordZ,0.0
633,,141,141,38,4 depth 0.00-0.10,DanaBunar2,KoordZ,0.0
634,,142,142,38,5 depth 0.30-0.50,DanaBunar2,KoordZ,0.0
635,,143,143,39,47 depth 0.00-0.10,DanaBunar2,KoordZ,0.0
636,,144,144,39,48 depth 0.10-0.20,DanaBunar2,KoordZ,0.0
637,,145,145,41,44 depth 0.00-0.10,DanaBunar2,KoordZ,0.0
638,,146,146,41,46 depth 0.30-0.40,DanaBunar2,KoordZ,0.0
639,,147,147,42,10 depth 0.10-0.20,DanaBunar2,KoordZ,0.0
640,,148,148,42,6 depth 0.00-0.10,DanaBunar2,KoordZ,0.0
641,,149,149,42,7 depth 0.00-0.10,DanaBunar2,KoordZ,0.0
642,,150,150,42,8 depth 0.10-0.20,DanaBunar2,KoordZ,0.0
643,,151,151,42,9 depth 0.10-0.20,DanaBunar2,KoordZ,0.0
644,,152,152,44,87 depth 0.06-0.16,DanaBunar2,KoordZ,0.0
645,,153,153,44,88 depth 0.20-0.30,DanaBunar2,KoordZ,0.0
646,,154,154,44,89 depth 0.30-0.40,DanaBunar2,KoordZ,0.0
647,,155,155,44,90 depth 0.16-0.26,DanaBunar2,KoordZ,0.0
648,,156,156,44,91 depth 0.10-0.20,DanaBunar2,KoordZ,0.0
649,,157,157,44,92 depth 0.00-0.10,DanaBunar2,KoordZ,0.0
650,,158,158,44,93 depth 0.30-0.40,DanaBunar2,KoordZ,0.0
651,,159,159,46,30 depth 0.60-0.70,DanaBunar2,KoordZ,0.0
652,,160,160,46,31 depth 0.50-0.60,DanaBunar2,KoordZ,0.0
653,,161,161,46,32 depth 0.60-0.70,DanaBunar2,KoordZ,0.0
654,,162,162,46,33 depth 0.30-0.40,DanaBunar2,KoordZ,0.0
655,,163,163,46,34 depth 0.40-0.50,DanaBunar2,KoordZ,0.0
656,,164,164,46,35 depth 0.30-0.40,DanaBunar2,KoordZ,0.0
657,,165,165,47,49 depth 0.10-0.20,DanaBunar2,KoordZ,0.0
658,,166,166,47,50 depth 0.10-0.20,DanaBunar2,KoordZ,0.0
659,,167,167,55,54 depth 1.00-1.10,DanaBunar2,KoordZ,0.0
660,,168,168,55,55 depth 1.00-1.10,DanaBunar2,KoordZ,0.0
661,,169,169,58,23 depth 0.10-0.20,DanaBunar2,KoordZ,0.0
662,,170,170,58,24 depth 0.30-0.40,DanaBunar2,KoordZ,0.0
663,,171,171,58,25 depth 0.00-0.10,DanaBunar2,KoordZ,0.0
664,,172,172,58,26 depth 0.10-0.20,DanaBunar2,KoordZ,0.0
665,,173,173,58,27 depth 0.30-0.40,DanaBunar2,KoordZ,0.0
666,,174,174,58,28 depth 0.20-0.30,DanaBunar2,KoordZ,0.0
667,,175,175,64,11 depth 0.10-0.20,DanaBunar2,KoordZ,0.0
668,,176,176,64,12 depth 0.36-0.46,DanaBunar2,KoordZ,0.0
669,,177,177,64,13 depth 0.26-0.36,DanaBunar2,KoordZ,0.0
670,,178,178,64,16 depth 0.48-0.58,DanaBunar2,KoordZ,0.0
671,,179,179,2709_fond,Isw 2013/32,Iswid,KoordZ,
672,,180,180,2905 fond,Isw 2013/26,Iswid,KoordZ,
673,,181,181,2913 fond,Isw 2013/33,Iswid,KoordZ,
674,,182,182,foyer 2174,Isw 2013/15,Iswid,KoordZ,
675,,183,183,US 10503,Isw 2013/8,Iswid,KoordZ,
676,,184,184,US 10521,Isw 2013/20,Iswid,KoordZ,
677,,185,185,US 10534,Isw 2013/21,Iswid,KoordZ,
678,,186,186,US 10610,Isw 2013/25,Iswid,KoordZ,
679,,187,187,US 11004,Isw 2013/22,Iswid,KoordZ,
680,,188,188,US 11012,Isw 2013/27,Iswid,KoordZ,
681,,189,189,US 11067,Isw 2013/28,Iswid,KoordZ,
682,,190,190,US 12025,Isw 2013/25,Iswid,KoordZ,
683,,191,191,US 12040,Isw 2013/29,Iswid,KoordZ,
684,,192,192,US 12047,Isw 2013/30,Iswid,KoordZ,
685,,193,193,US 12504,Isw 2013/31,Iswid,KoordZ,
686,,194,194,US 13017,Isw 2015/18,Iswid,KoordZ,
687,,195,195,US 13017,Isw 2016/41,Iswid,KoordZ,
688,,196,196,US 13065,Isw 2015/25,Iswid,KoordZ,
689,,197,197,US 13066,Isw 2015/4,Iswid,KoordZ,
690,,198,198,US 13083,Isw 2015/22,Iswid,KoordZ,
691,,199,199,US 13099,Isw 2015/9,Iswid,KoordZ,
692,,200,200,US 13145,Isw 2015/21,Iswid,KoordZ,
693,,201,201,US 13516,Isw 2015/8,Iswid,KoordZ,
694,,202,202,US 13526,Isw 2015/2,Iswid,KoordZ,
695,,203,203,US 13572,Isw 2015/12,Iswid,KoordZ,
696,,204,204,US 13610,Isw 2015/11,Iswid,KoordZ,
697,,205,205,US 13632,Isw 2016/15,Iswid,KoordZ,
698,,206,206,US 13639,Isw2015/26,Iswid,KoordZ,
699,,207,207,US 13657,Isw 2015/17,Iswid,KoordZ,
700,,208,208,US 13705,Isw 2015/10,Iswid,KoordZ,
701,,209,209,US 13791,Isw 2015/5,Iswid,KoordZ,
702,,210,210,US 13791 (3),Isw 2015/7,Iswid,KoordZ,
703,,211,211,US 13802,Isw 2015/20,Iswid,KoordZ,
704,,212,212,US 13971,Isw 2015/7,Iswid,KoordZ,
705,,213,213,US 14021,Isw 2015/1,Iswid,KoordZ,
706,,214,214,US 14038,Isw 2015/3,Iswid,KoordZ,
707,,215,215,US 14050,Isw 2015/24,Iswid,KoordZ,
708,,216,216,US 14078,Isw 2916/23,Iswid,KoordZ,
709,,217,217,US 14131,Isw 2015/13,Iswid,KoordZ,
710,,218,218,US 14131,Isw 2016/12,Iswid,KoordZ,
711,,219,219,US 14158,Isw 2015/14,Iswid,KoordZ,
712,,220,220,US 14418,Isw 2016/34,Iswid,KoordZ,
713,,221,221,US 14495,Isw 16/37,Iswid,KoordZ,
714,,222,222,US 14509,16-Jan,Iswid,KoordZ,
715,,223,223,US 14636,Isw 16/35,Iswid,KoordZ,
716,,224,224,US 15067,Isw 2017/7,Iswid,KoordZ,
717,,225,225,US 15071,Isw 17/4,Iswid,KoordZ,
718,,226,226,US 15108,Isw 17/1,Iswid,KoordZ,
719,,227,227,US 15140,Isw17/26,Iswid,KoordZ,
720,,228,228,US 16183,Isw 2017/8,Iswid,KoordZ,
721,,229,229,US 16287_F4185 (TR.),Isw 17/23,Iswid,KoordZ,
722,,230,230,US 16323_F4199(foye,Isw 17/29,Iswid,KoordZ,
723,,231,231,US 6712,Isw 2013/13,Iswid,KoordZ,
724,,232,232,US 6773,Isw 2013/7,Iswid,KoordZ,
725,,233,233,US 6803,Isw 2013/10,Iswid,KoordZ,
726,,234,234,US 6810,Isw 2013/5,Iswid,KoordZ,
727,,235,235,US 6827,Isw 2013/2,Iswid,KoordZ,
728,,236,236,US 6854,Isw 2013/4,Iswid,KoordZ,
729,,237,237,US 6863,Isw 2013/12,Iswid,KoordZ,
730,,238,238,US 6875,Isw 2013/14,Iswid,KoordZ,
731,,239,239,US 9036,Isw 2013/3,Iswid,KoordZ,
732,,240,240,US 9200,Isw 2013/1,Iswid,KoordZ,
733,,241,241,US 9321,Isw 2013/6,Iswid,KoordZ,
734,,242,242,US 9404_foyer 2093,Isw 2013/17,Iswid,KoordZ,
735,,243,243,US 9519,Isw 2013/11,Iswid,KoordZ,
736,,244,244,US 9859/9860,Isw 2013/16,Iswid,KoordZ,
737,,245,245,US 9870_foyer2163,1,Iswid,KoordZ,
738,,246,246,US 9880_foyer 2166,Isw 2013/19,Iswid,KoordZ,
739,,1,1,P16,18_0025_0003,18_0025,TiefeBis,
740,,2,2,P18,18_0025_0004,18_0025,TiefeBis,
741,,3,3,P20,18_0025_0005,18_0025,TiefeBis,
742,,4,4,P5,18_0025_0001,18_0025,TiefeBis,
743,,5,5,P6,18_0025_0002,18_0025,TiefeBis,
744,,6,6,A11148,19_0013_0013,19_0013,TiefeBis,
745,,7,7,A11148,19_0013_0014,19_0013,TiefeBis,
746,,8,8,A11148,19_0013_0015,19_0013,TiefeBis,
747,,9,9,A11148,19_0013_0020,19_0013,TiefeBis,
748,,10,10,A479,19_0013_0010,19_0013,TiefeBis,
749,,11,11,A479,19_0013_0011,19_0013,TiefeBis,
750,,12,12,A479,19_0013_0012,19_0013,TiefeBis,
751,,13,13,A479,19_0013_0019,19_0013,TiefeBis,
752,,14,14,A6214,19_0013_0007,19_0013,TiefeBis,
753,,15,15,A6214,19_0013_0008,19_0013,TiefeBis,
754,,16,16,A6214,19_0013_0009,19_0013,TiefeBis,
755,,17,17,A6214,19_0013_0018,19_0013,TiefeBis,
756,,18,18,A8090,19_0013_0004,19_0013,TiefeBis,
757,,19,19,A8090,19_0013_0005,19_0013,TiefeBis,
758,,20,20,A8090,19_0013_0006,19_0013,TiefeBis,
759,,21,21,A8090,19_0013_0017,19_0013,TiefeBis,
760,,22,22,A9063,19_0013_0001,19_0013,TiefeBis,
761,,23,23,A9063,19_0013_0002,19_0013,TiefeBis,
762,,24,24,A9063,19_0013_0003,19_0013,TiefeBis,
763,,25,25,A9063,19_0013_0016,19_0013,TiefeBis,
764,,26,26,A10143,19_0014_0040,19_0014,TiefeBis,
765,,27,27,A10153,19_0014_0037,19_0014,TiefeBis,
766,,28,28,A10189,19_0014_0042,19_0014,TiefeBis,
767,,29,29,A10229,19_0014_0039,19_0014,TiefeBis,
768,,30,30,A10697,19_0014_0067,19_0014,TiefeBis,
769,,31,31,A10990,19_0014_0055,19_0014,TiefeBis,
770,,32,32,A11339,19_0014_0068,19_0014,TiefeBis,
771,,33,33,A1196,19_0014_0044,19_0014,TiefeBis,
772,,34,34,A12024,19_0014_0056,19_0014,TiefeBis,
773,,35,35,A12024,19_0014_0057,19_0014,TiefeBis,
774,,36,36,A12034,19_0014_0058,19_0014,TiefeBis,
775,,37,37,A12435,19_0014_0069,19_0014,TiefeBis,
776,,38,38,A13064,19_0014_0071,19_0014,TiefeBis,
777,,39,39,A13200,19_0014_0041,19_0014,TiefeBis,
778,,40,40,A13299,19_0014_0072,19_0014,TiefeBis,
779,,41,41,A13837,19_0014_0060,19_0014,TiefeBis,
780,,42,42,A15333,19_0014_0061,19_0014,TiefeBis,
781,,43,43,A15344,19_0014_0074,19_0014,TiefeBis,
782,,44,44,A15554,19_0014_0075,19_0014,TiefeBis,
783,,45,45,A15736,19_0014_0059,19_0014,TiefeBis,
784,,46,46,A16771,19_0014_0008,19_0014,TiefeBis,
785,,47,47,A16783,19_0014_0005,19_0014,TiefeBis,
786,,48,48,A17294,19_0014_0016,19_0014,TiefeBis,
787,,49,49,A1875,19_0014_0046,19_0014,TiefeBis,
788,,50,50,A1931,19_0014_0047,19_0014,TiefeBis,
789,,51,51,A1998,19_0014_0048,19_0014,TiefeBis,
790,,52,52,A2019,19_0014_0049,19_0014,TiefeBis,
791,,53,53,A2029,19_0014_0050,19_0014,TiefeBis,
792,,54,54,A2114,19_0014_0051,19_0014,TiefeBis,
793,,55,55,A3019,19_0014_0052,19_0014,TiefeBis,
794,,56,56,A3170,19_0014_0066,19_0014,TiefeBis,
795,,57,57,A3650,19_0014_0053,19_0014,TiefeBis,
796,,58,58,A4115,19_0014_0023,19_0014,TiefeBis,
797,,59,59,A4365,19_0014_0054,19_0014,TiefeBis,
798,,60,60,A5192,19_0014_0020,19_0014,TiefeBis,
799,,61,61,A5213,19_0014_0019,19_0014,TiefeBis,
800,,62,62,A5223,19_0014_0018,19_0014,TiefeBis,
801,,63,63,A5254,19_0014_0029,19_0014,TiefeBis,
802,,64,64,A5282,19_0014_0021,19_0014,TiefeBis,
803,,65,65,A5294,19_0014_0022,19_0014,TiefeBis,
804,,66,66,A5307,19_0014_0024,19_0014,TiefeBis,
805,,67,67,A5334,19_0014_0063,19_0014,TiefeBis,
806,,68,68,A6041,19_0014_0034,19_0014,TiefeBis,
807,,69,69,A6135,19_0014_0015,19_0014,TiefeBis,
808,,70,70,A6146,19_0014_0033,19_0014,TiefeBis,
809,,71,71,A6157,19_0014_0035,19_0014,TiefeBis,
810,,72,72,A6178,19_0014_0017,19_0014,TiefeBis,
811,,73,73,A6194,19_0014_0025,19_0014,TiefeBis,
812,,74,74,A7199,19_0014_0032,19_0014,TiefeBis,
813,,75,75,A7253,19_0014_0014,19_0014,TiefeBis,
814,,76,76,A7263,19_0014_0030,19_0014,TiefeBis,
815,,77,77,A7294,19_0014_0013,19_0014,TiefeBis,
816,,78,78,A7306,19_0014_0036,19_0014,TiefeBis,
817,,79,79,A785,19_0014_0043,19_0014,TiefeBis,
818,,80,80,A8079,19_0014_0007,19_0014,TiefeBis,
819,,81,81,A8103,19_0014_0009,19_0014,TiefeBis,
820,,82,82,A8114,19_0014_0011,19_0014,TiefeBis,
821,,83,83,A8142,19_0014_0026,19_0014,TiefeBis,
822,,84,84,A8178,19_0014_0031,19_0014,TiefeBis,
823,,85,85,A8189,19_0014_0012,19_0014,TiefeBis,
824,,86,86,A8234,19_0014_0010,19_0014,TiefeBis,
825,,87,87,A9000,19_0014_0027,19_0014,TiefeBis,
826,,88,88,A9052,19_0014_0028,19_0014,TiefeBis,
827,,89,89,A9075,19_0014_0003,19_0014,TiefeBis,
828,,90,90,A9111,19_0014_0001,19_0014,TiefeBis,
829,,91,91,A9126,19_0014_0004,19_0014,TiefeBis,
830,,92,92,A9199,19_0014_0006,19_0014,TiefeBis,
831,,93,93,A957,19_0014_0064,19_0014,TiefeBis,
832,,94,94,A973,19_0014_0065,19_0014,TiefeBis,
833,,95,95,A9847,19_0014_0002,19_0014,TiefeBis,
834,,96,96,11200,22_0005_0001,22_0005,TiefeBis,
835,,97,97,11201,22_0005_0002,22_0005,TiefeBis,
836,,98,98,11221,22_0005_0003,22_0005,TiefeBis,
837,,99,99,12026,22_0005_0004,22_0005,TiefeBis,
838,,100,100,200125,22_0005_0012,22_0005,TiefeBis,
839,,101,101,200149,22_0005_0013,22_0005,TiefeBis,
840,,102,102,200177,22_0005_0009,22_0005,TiefeBis,
841,,103,103,200473,22_0005_0005,22_0005,TiefeBis,
842,,104,104,200475,22_0005_0006,22_0005,TiefeBis,
843,,105,105,23362,22_0005_0010,22_0005,TiefeBis,
844,,106,106,23434,22_0005_0007,22_0005,TiefeBis,
845,,107,107,23491,22_0005_0008,22_0005,TiefeBis,
846,,108,108,23988,22_0005_0011,22_0005,TiefeBis,
847,,109,109,A2076,22_0015_0017,22_0015,TiefeBis,
848,,110,110,A2154,22_0015_0020,22_0015,TiefeBis,
849,,111,111,A2874 G2976,22_0015_0014,22_0015,TiefeBis,
850,,112,112,A4796,22_0015_0013,22_0015,TiefeBis,
851,,113,113,M153 St 1,22_0015_0006,22_0015,TiefeBis,
852,,114,114,M153 St 2,22_0015_0007,22_0015,TiefeBis,
853,,115,115,M160 St 1,22_0015_0001,22_0015,TiefeBis,
854,,116,116,M167 St 1,22_0015_0002,22_0015,TiefeBis,
855,,117,117,M167 St 2,22_0015_0003,22_0015,TiefeBis,
856,,118,118,M167 St 3,22_0015_0004,22_0015,TiefeBis,
857,,119,119,M167 St 4,22_0015_0005,22_0015,TiefeBis,
858,,120,120,M32 Undre del,2022_0015_0009,22_0015,TiefeBis,
859,,121,121,M32 Övre del,2022_0015_0008,22_0015,TiefeBis,
860,,122,122,M99 A5085,2022_0015_0010,22_0015,TiefeBis,
861,,123,123,M99 A5085,2022_0015_0012,22_0015,TiefeBis,
862,,124,124,31,17 depth 0.10-0.20,DanaBunar2,TiefeBis,
863,,125,125,31,17a depth 0.00-0.20,DanaBunar2,TiefeBis,
864,,126,126,32,51 depth 0.00-0.10,DanaBunar2,TiefeBis,
865,,127,127,32,52 depth 0.10-0.20,DanaBunar2,TiefeBis,
866,,128,128,32,53 depth 0.00-0.10,DanaBunar2,TiefeBis,
867,,129,129,33,18 depth 0.20-0.30,DanaBunar2,TiefeBis,
868,,130,130,33,19 depth 0.00-0.10,DanaBunar2,TiefeBis,
869,,131,131,33,20 depth 0.10-0.30,DanaBunar2,TiefeBis,
870,,132,132,33,21 depth 0.30-0.40,DanaBunar2,TiefeBis,
871,,133,133,33,22 depth 0.20-0.30,DanaBunar2,TiefeBis,
872,,134,134,37,39 depth 0.10-0.20,DanaBunar2,TiefeBis,
873,,135,135,37,40 depth 0.20-0.30,DanaBunar2,TiefeBis,
874,,136,136,37,41 depth 0.00-0.10,DanaBunar2,TiefeBis,
875,,137,137,37,42 depth 0.00-0.10,DanaBunar2,TiefeBis,
876,,138,138,38,1 depth 0.48-0.58,DanaBunar2,TiefeBis,
877,,139,139,38,2 depth 0.35-0.45,DanaBunar2,TiefeBis,
878,,140,140,38,3 depth 0.35-0.45,DanaBunar2,TiefeBis,
879,,141,141,38,4 depth 0.00-0.10,DanaBunar2,TiefeBis,
880,,142,142,38,5 depth 0.30-0.50,DanaBunar2,TiefeBis,
881,,143,143,39,47 depth 0.00-0.10,DanaBunar2,TiefeBis,
882,,144,144,39,48 depth 0.10-0.20,DanaBunar2,TiefeBis,
883,,145,145,41,44 depth 0.00-0.10,DanaBunar2,TiefeBis,
884,,146,146,41,46 depth 0.30-0.40,DanaBunar2,TiefeBis,
885,,147,147,42,10 depth 0.10-0.20,DanaBunar2,TiefeBis,
886,,148,148,42,6 depth 0.00-0.10,DanaBunar2,TiefeBis,
887,,149,149,42,7 depth 0.00-0.10,DanaBunar2,TiefeBis,
888,,150,150,42,8 depth 0.10-0.20,DanaBunar2,TiefeBis,
889,,151,151,42,9 depth 0.10-0.20,DanaBunar2,TiefeBis,
890,,152,152,44,87 depth 0.06-0.16,DanaBunar2,TiefeBis,
891,,153,153,44,88 depth 0.20-0.30,DanaBunar2,TiefeBis,
892,,154,154,44,89 depth 0.30-0.40,DanaBunar2,TiefeBis,
893,,155,155,44,90 depth 0.16-0.26,DanaBunar2,TiefeBis,
894,,156,156,44,91 depth 0.10-0.20,DanaBunar2,TiefeBis,
895,,157,157,44,92 depth 0.00-0.10,DanaBunar2,TiefeBis,
896,,158,158,44,93 depth 0.30-0.40,DanaBunar2,TiefeBis,
897,,159,159,46,30 depth 0.60-0.70,DanaBunar2,TiefeBis,
898,,160,160,46,31 depth 0.50-0.60,DanaBunar2,TiefeBis,
899,,161,161,46,32 depth 0.60-0.70,DanaBunar2,TiefeBis,
900,,162,162,46,33 depth 0.30-0.40,DanaBunar2,TiefeBis,
901,,163,163,46,34 depth 0.40-0.50,DanaBunar2,TiefeBis,
902,,164,164,46,35 depth 0.30-0.40,DanaBunar2,TiefeBis,
903,,165,165,47,49 depth 0.10-0.20,DanaBunar2,TiefeBis,
904,,166,166,47,50 depth 0.10-0.20,DanaBunar2,TiefeBis,
905,,167,167,55,54 depth 1.00-1.10,DanaBunar2,TiefeBis,
906,,168,168,55,55 depth 1.00-1.10,DanaBunar2,TiefeBis,
907,,169,169,58,23 depth 0.10-0.20,DanaBunar2,TiefeBis,
908,,170,170,58,24 depth 0.30-0.40,DanaBunar2,TiefeBis,
909,,171,171,58,25 depth 0.00-0.10,DanaBunar2,TiefeBis,
910,,172,172,58,26 depth 0.10-0.20,DanaBunar2,TiefeBis,
911,,173,173,58,27 depth 0.30-0.40,DanaBunar2,TiefeBis,
912,,174,174,58,28 depth 0.20-0.30,DanaBunar2,TiefeBis,
913,,175,175,64,11 depth 0.10-0.20,DanaBunar2,TiefeBis,
914,,176,176,64,12 depth 0.36-0.46,DanaBunar2,TiefeBis,
915,,177,177,64,13 depth 0.26-0.36,DanaBunar2,TiefeBis,
916,,178,178,64,16 depth 0.48-0.58,DanaBunar2,TiefeBis,
917,,179,179,2709_fond,Isw 2013/32,Iswid,TiefeBis,
918,,180,180,2905 fond,Isw 2013/26,Iswid,TiefeBis,
919,,181,181,2913 fond,Isw 2013/33,Iswid,TiefeBis,
920,,182,182,foyer 2174,Isw 2013/15,Iswid,TiefeBis,
921,,183,183,US 10503,Isw 2013/8,Iswid,TiefeBis,
922,,184,184,US 10521,Isw 2013/20,Iswid,TiefeBis,
923,,185,185,US 10534,Isw 2013/21,Iswid,TiefeBis,
924,,186,186,US 10610,Isw 2013/25,Iswid,TiefeBis,
925,,187,187,US 11004,Isw 2013/22,Iswid,TiefeBis,
926,,188,188,US 11012,Isw 2013/27,Iswid,TiefeBis,
927,,189,189,US 11067,Isw 2013/28,Iswid,TiefeBis,
928,,190,190,US 12025,Isw 2013/25,Iswid,TiefeBis,
929,,191,191,US 12040,Isw 2013/29,Iswid,TiefeBis,
930,,192,192,US 12047,Isw 2013/30,Iswid,TiefeBis,
931,,193,193,US 12504,Isw 2013/31,Iswid,TiefeBis,
932,,194,194,US 13017,Isw 2015/18,Iswid,TiefeBis,
933,,195,195,US 13017,Isw 2016/41,Iswid,TiefeBis,
934,,196,196,US 13065,Isw 2015/25,Iswid,TiefeBis,
935,,197,197,US 13066,Isw 2015/4,Iswid,TiefeBis,
936,,198,198,US 13083,Isw 2015/22,Iswid,TiefeBis,
937,,199,199,US 13099,Isw 2015/9,Iswid,TiefeBis,
938,,200,200,US 13145,Isw 2015/21,Iswid,TiefeBis,
939,,201,201,US 13516,Isw 2015/8,Iswid,TiefeBis,
940,,202,202,US 13526,Isw 2015/2,Iswid,TiefeBis,
941,,203,203,US 13572,Isw 2015/12,Iswid,TiefeBis,
942,,204,204,US 13610,Isw 2015/11,Iswid,TiefeBis,
943,,205,205,US 13632,Isw 2016/15,Iswid,TiefeBis,
944,,206,206,US 13639,Isw2015/26,Iswid,TiefeBis,
945,,207,207,US 13657,Isw 2015/17,Iswid,TiefeBis,
946,,208,208,US 13705,Isw 2015/10,Iswid,TiefeBis,
947,,209,209,US 13791,Isw 2015/5,Iswid,TiefeBis,
948,,210,210,US 13791 (3),Isw 2015/7,Iswid,TiefeBis,
949,,211,211,US 13802,Isw 2015/20,Iswid,TiefeBis,
950,,212,212,US 13971,Isw 2015/7,Iswid,TiefeBis,
951,,213,213,US 14021,Isw 2015/1,Iswid,TiefeBis,
952,,214,214,US 14038,Isw 2015/3,Iswid,TiefeBis,
953,,215,215,US 14050,Isw 2015/24,Iswid,TiefeBis,
954,,216,216,US 14078,Isw 2916/23,Iswid,TiefeBis,
955,,217,217,US 14131,Isw 2015/13,Iswid,TiefeBis,
956,,218,218,US 14131,Isw 2016/12,Iswid,TiefeBis,
957,,219,219,US 14158,Isw 2015/14,Iswid,TiefeBis,
958,,220,220,US 14418,Isw 2016/34,Iswid,TiefeBis,
959,,221,221,US 14495,Isw 16/37,Iswid,TiefeBis,
960,,222,222,US 14509,16-Jan,Iswid,TiefeBis,
961,,223,223,US 14636,Isw 16/35,Iswid,TiefeBis,
962,,224,224,US 15067,Isw 2017/7,Iswid,TiefeBis,
963,,225,225,US 15071,Isw 17/4,Iswid,TiefeBis,
964,,226,226,US 15108,Isw 17/1,Iswid,TiefeBis,
965,,227,227,US 15140,Isw17/26,Iswid,TiefeBis,
966,,228,228,US 16183,Isw 2017/8,Iswid,TiefeBis,
967,,229,229,US 16287_F4185 (TR.),Isw 17/23,Iswid,TiefeBis,
968,,230,230,US 16323_F4199(foye,Isw 17/29,Iswid,TiefeBis,
969,,231,231,US 6712,Isw 2013/13,Iswid,TiefeBis,
970,,232,232,US 6773,Isw 2013/7,Iswid,TiefeBis,
971,,233,233,US 6803,Isw 2013/10,Iswid,TiefeBis,
972,,234,234,US 6810,Isw 2013/5,Iswid,TiefeBis,
973,,235,235,US 6827,Isw 2013/2,Iswid,TiefeBis,
974,,236,236,US 6854,Isw 2013/4,Iswid,TiefeBis,
975,,237,237,US 6863,Isw 2013/12,Iswid,TiefeBis,
976,,238,238,US 6875,Isw 2013/14,Iswid,TiefeBis,
977,,239,239,US 9036,Isw 2013/3,Iswid,TiefeBis,
978,,240,240,US 9200,Isw 2013/1,Iswid,TiefeBis,
979,,241,241,US 9321,Isw 2013/6,Iswid,TiefeBis,
980,,242,242,US 9404_foyer 2093,Isw 2013/17,Iswid,TiefeBis,
981,,243,243,US 9519,Isw 2013/11,Iswid,TiefeBis,
982,,244,244,US 9859/9860,Isw 2013/16,Iswid,TiefeBis,
983,,245,245,US 9870_foyer2163,1,Iswid,TiefeBis,
984,,246,246,US 9880_foyer 2166,Isw 2013/19,Iswid,TiefeBis,
985,,1,1,P16,18_0025_0003,18_0025,TiefeVon,
986,,2,2,P18,18_0025_0004,18_0025,TiefeVon,
987,,3,3,P20,18_0025_0005,18_0025,TiefeVon,
988,,4,4,P5,18_0025_0001,18_0025,TiefeVon,
989,,5,5,P6,18_0025_0002,18_0025,TiefeVon,
990,,6,6,A11148,19_0013_0013,19_0013,TiefeVon,
991,,7,7,A11148,19_0013_0014,19_0013,TiefeVon,
992,,8,8,A11148,19_0013_0015,19_0013,TiefeVon,
993,,9,9,A11148,19_0013_0020,19_0013,TiefeVon,
994,,10,10,A479,19_0013_0010,19_0013,TiefeVon,
995,,11,11,A479,19_0013_0011,19_0013,TiefeVon,
996,,12,12,A479,19_0013_0012,19_0013,TiefeVon,
997,,13,13,A479,19_0013_0019,19_0013,TiefeVon,
998,,14,14,A6214,19_0013_0007,19_0013,TiefeVon,
999,,15,15,A6214,19_0013_0008,19_0013,TiefeVon,
1000,,16,16,A6214,19_0013_0009,19_0013,TiefeVon,
1001,,17,17,A6214,19_0013_0018,19_0013,TiefeVon,
1002,,18,18,A8090,19_0013_0004,19_0013,TiefeVon,
1003,,19,19,A8090,19_0013_0005,19_0013,TiefeVon,
1004,,20,20,A8090,19_0013_0006,19_0013,TiefeVon,
1005,,21,21,A8090,19_0013_0017,19_0013,TiefeVon,
1006,,22,22,A9063,19_0013_0001,19_0013,TiefeVon,
1007,,23,23,A9063,19_0013_0002,19_0013,TiefeVon,
1008,,24,24,A9063,19_0013_0003,19_0013,TiefeVon,
1009,,25,25,A9063,19_0013_0016,19_0013,TiefeVon,
1010,,26,26,A10143,19_0014_0040,19_0014,TiefeVon,
1011,,27,27,A10153,19_0014_0037,19_0014,TiefeVon,
1012,,28,28,A10189,19_0014_0042,19_0014,TiefeVon,
1013,,29,29,A10229,19_0014_0039,19_0014,TiefeVon,
1014,,30,30,A10697,19_0014_0067,19_0014,TiefeVon,
1015,,31,31,A10990,19_0014_0055,19_0014,TiefeVon,
1016,,32,32,A11339,19_0014_0068,19_0014,TiefeVon,
1017,,33,33,A1196,19_0014_0044,19_0014,TiefeVon,
1018,,34,34,A12024,19_0014_0056,19_0014,TiefeVon,
1019,,35,35,A12024,19_0014_0057,19_0014,TiefeVon,
1020,,36,36,A12034,19_0014_0058,19_0014,TiefeVon,
1021,,37,37,A12435,19_0014_0069,19_0014,TiefeVon,
1022,,38,38,A13064,19_0014_0071,19_0014,TiefeVon,
1023,,39,39,A13200,19_0014_0041,19_0014,TiefeVon,
1024,,40,40,A13299,19_0014_0072,19_0014,TiefeVon,
1025,,41,41,A13837,19_0014_0060,19_0014,TiefeVon,
1026,,42,42,A15333,19_0014_0061,19_0014,TiefeVon,
1027,,43,43,A15344,19_0014_0074,19_0014,TiefeVon,
1028,,44,44,A15554,19_0014_0075,19_0014,TiefeVon,
1029,,45,45,A15736,19_0014_0059,19_0014,TiefeVon,
1030,,46,46,A16771,19_0014_0008,19_0014,TiefeVon,
1031,,47,47,A16783,19_0014_0005,19_0014,TiefeVon,
1032,,48,48,A17294,19_0014_0016,19_0014,TiefeVon,
1033,,49,49,A1875,19_0014_0046,19_0014,TiefeVon,
1034,,50,50,A1931,19_0014_0047,19_0014,TiefeVon,
1035,,51,51,A1998,19_0014_0048,19_0014,TiefeVon,
1036,,52,52,A2019,19_0014_0049,19_0014,TiefeVon,
1037,,53,53,A2029,19_0014_0050,19_0014,TiefeVon,
1038,,54,54,A2114,19_0014_0051,19_0014,TiefeVon,
1039,,55,55,A3019,19_0014_0052,19_0014,TiefeVon,
1040,,56,56,A3170,19_0014_0066,19_0014,TiefeVon,
1041,,57,57,A3650,19_0014_0053,19_0014,TiefeVon,
1042,,58,58,A4115,19_0014_0023,19_0014,TiefeVon,
1043,,59,59,A4365,19_0014_0054,19_0014,TiefeVon,
1044,,60,60,A5192,19_0014_0020,19_0014,TiefeVon,
1045,,61,61,A5213,19_0014_0019,19_0014,TiefeVon,
1046,,62,62,A5223,19_0014_0018,19_0014,TiefeVon,
1047,,63,63,A5254,19_0014_0029,19_0014,TiefeVon,
1048,,64,64,A5282,19_0014_0021,19_0014,TiefeVon,
1049,,65,65,A5294,19_0014_0022,19_0014,TiefeVon,
1050,,66,66,A5307,19_0014_0024,19_0014,TiefeVon,
1051,,67,67,A5334,19_0014_0063,19_0014,TiefeVon,
1052,,68,68,A6041,19_0014_0034,19_0014,TiefeVon,
1053,,69,69,A6135,19_0014_0015,19_0014,TiefeVon,
1054,,70,70,A6146,19_0014_0033,19_0014,TiefeVon,
1055,,71,71,A6157,19_0014_0035,19_0014,TiefeVon,
1056,,72,72,A6178,19_0014_0017,19_0014,TiefeVon,
1057,,73,73,A6194,19_0014_0025,19_0014,TiefeVon,
1058,,74,74,A7199,19_0014_0032,19_0014,TiefeVon,
1059,,75,75,A7253,19_0014_0014,19_0014,TiefeVon,
1060,,76,76,A7263,19_0014_0030,19_0014,TiefeVon,
1061,,77,77,A7294,19_0014_0013,19_0014,TiefeVon,
1062,,78,78,A7306,19_0014_0036,19_0014,TiefeVon,
1063,,79,79,A785,19_0014_0043,19_0014,TiefeVon,
1064,,80,80,A8079,19_0014_0007,19_0014,TiefeVon,
1065,,81,81,A8103,19_0014_0009,19_0014,TiefeVon,
1066,,82,82,A8114,19_0014_0011,19_0014,TiefeVon,
1067,,83,83,A8142,19_0014_0026,19_0014,TiefeVon,
1068,,84,84,A8178,19_0014_0031,19_0014,TiefeVon,
1069,,85,85,A8189,19_0014_0012,19_0014,TiefeVon,
1070,,86,86,A8234,19_0014_0010,19_0014,TiefeVon,
1071,,87,87,A9000,19_0014_0027,19_0014,TiefeVon,
1072,,88,88,A9052,19_0014_0028,19_0014,TiefeVon,
1073,,89,89,A9075,19_0014_0003,19_0014,TiefeVon,
1074,,90,90,A9111,19_0014_0001,19_0014,TiefeVon,
1075,,91,91,A9126,19_0014_0004,19_0014,TiefeVon,
1076,,92,92,A9199,19_0014_0006,19_0014,TiefeVon,
1077,,93,93,A957,19_0014_0064,19_0014,TiefeVon,
1078,,94,94,A973,19_0014_0065,19_0014,TiefeVon,
1079,,95,95,A9847,19_0014_0002,19_0014,TiefeVon,
1080,,96,96,11200,22_0005_0001,22_0005,TiefeVon,
1081,,97,97,11201,22_0005_0002,22_0005,TiefeVon,
1082,,98,98,11221,22_0005_0003,22_0005,TiefeVon,
1083,,99,99,12026,22_0005_0004,22_0005,TiefeVon,
1084,,100,100,200125,22_0005_0012,22_0005,TiefeVon,
1085,,101,101,200149,22_0005_0013,22_0005,TiefeVon,
1086,,102,102,200177,22_0005_0009,22_0005,TiefeVon,
1087,,103,103,200473,22_0005_0005,22_0005,TiefeVon,
1088,,104,104,200475,22_0005_0006,22_0005,TiefeVon,
1089,,105,105,23362,22_0005_0010,22_0005,TiefeVon,
1090,,106,106,23434,22_0005_0007,22_0005,TiefeVon,
1091,,107,107,23491,22_0005_0008,22_0005,TiefeVon,
1092,,108,108,23988,22_0005_0011,22_0005,TiefeVon,
1093,,109,109,A2076,22_0015_0017,22_0015,TiefeVon,
1094,,110,110,A2154,22_0015_0020,22_0015,TiefeVon,
1095,,111,111,A2874 G2976,22_0015_0014,22_0015,TiefeVon,
1096,,112,112,A4796,22_0015_0013,22_0015,TiefeVon,
1097,,113,113,M153 St 1,22_0015_0006,22_0015,TiefeVon,
1098,,114,114,M153 St 2,22_0015_0007,22_0015,TiefeVon,
1099,,115,115,M160 St 1,22_0015_0001,22_0015,TiefeVon,
1100,,116,116,M167 St 1,22_0015_0002,22_0015,TiefeVon,
1101,,117,117,M167 St 2,22_0015_0003,22_0015,TiefeVon,
1102,,118,118,M167 St 3,22_0015_0004,22_0015,TiefeVon,
1103,,119,119,M167 St 4,22_0015_0005,22_0015,TiefeVon,
1104,,120,120,M32 Undre del,2022_0015_0009,22_0015,TiefeVon,
1105,,121,121,M32 Övre del,2022_0015_0008,22_0015,TiefeVon,
1106,,122,122,M99 A5085,2022_0015_0010,22_0015,TiefeVon,
1107,,123,123,M99 A5085,2022_0015_0012,22_0015,TiefeVon,
1108,,124,124,31,17 depth 0.10-0.20,DanaBunar2,TiefeVon,
1109,,125,125,31,17a depth 0.00-0.20,DanaBunar2,TiefeVon,
1110,,126,126,32,51 depth 0.00-0.10,DanaBunar2,TiefeVon,
1111,,127,127,32,52 depth 0.10-0.20,DanaBunar2,TiefeVon,
1112,,128,128,32,53 depth 0.00-0.10,DanaBunar2,TiefeVon,
1113,,129,129,33,18 depth 0.20-0.30,DanaBunar2,TiefeVon,
1114,,130,130,33,19 depth 0.00-0.10,DanaBunar2,TiefeVon,
1115,,131,131,33,20 depth 0.10-0.30,DanaBunar2,TiefeVon,
1116,,132,132,33,21 depth 0.30-0.40,DanaBunar2,TiefeVon,
1117,,133,133,33,22 depth 0.20-0.30,DanaBunar2,TiefeVon,
1118,,134,134,37,39 depth 0.10-0.20,DanaBunar2,TiefeVon,
1119,,135,135,37,40 depth 0.20-0.30,DanaBunar2,TiefeVon,
1120,,136,136,37,41 depth 0.00-0.10,DanaBunar2,TiefeVon,
1121,,137,137,37,42 depth 0.00-0.10,DanaBunar2,TiefeVon,
1122,,138,138,38,1 depth 0.48-0.58,DanaBunar2,TiefeVon,
1123,,139,139,38,2 depth 0.35-0.45,DanaBunar2,TiefeVon,
1124,,140,140,38,3 depth 0.35-0.45,DanaBunar2,TiefeVon,
1125,,141,141,38,4 depth 0.00-0.10,DanaBunar2,TiefeVon,
1126,,142,142,38,5 depth 0.30-0.50,DanaBunar2,TiefeVon,
1127,,143,143,39,47 depth 0.00-0.10,DanaBunar2,TiefeVon,
1128,,144,144,39,48 depth 0.10-0.20,DanaBunar2,TiefeVon,
1129,,145,145,41,44 depth 0.00-0.10,DanaBunar2,TiefeVon,
1130,,146,146,41,46 depth 0.30-0.40,DanaBunar2,TiefeVon,
1131,,147,147,42,10 depth 0.10-0.20,DanaBunar2,TiefeVon,
1132,,148,148,42,6 depth 0.00-0.10,DanaBunar2,TiefeVon,
1133,,149,149,42,7 depth 0.00-0.10,DanaBunar2,TiefeVon,
1134,,150,150,42,8 depth 0.10-0.20,DanaBunar2,TiefeVon,
1135,,151,151,42,9 depth 0.10-0.20,DanaBunar2,TiefeVon,
1136,,152,152,44,87 depth 0.06-0.16,DanaBunar2,TiefeVon,
1137,,153,153,44,88 depth 0.20-0.30,DanaBunar2,TiefeVon,
1138,,154,154,44,89 depth 0.30-0.40,DanaBunar2,TiefeVon,
1139,,155,155,44,90 depth 0.16-0.26,DanaBunar2,TiefeVon,
1140,,156,156,44,91 depth 0.10-0.20,DanaBunar2,TiefeVon,
1141,,157,157,44,92 depth 0.00-0.10,DanaBunar2,TiefeVon,
1142,,158,158,44,93 depth 0.30-0.40,DanaBunar2,TiefeVon,
1143,,159,159,46,30 depth 0.60-0.70,DanaBunar2,TiefeVon,
1144,,160,160,46,31 depth 0.50-0.60,DanaBunar2,TiefeVon,
1145,,161,161,46,32 depth 0.60-0.70,DanaBunar2,TiefeVon,
1146,,162,162,46,33 depth 0.30-0.40,DanaBunar2,TiefeVon,
1147,,163,163,46,34 depth 0.40-0.50,DanaBunar2,TiefeVon,
1148,,164,164,46,35 depth 0.30-0.40,DanaBunar2,TiefeVon,
1149,,165,165,47,49 depth 0.10-0.20,DanaBunar2,TiefeVon,
1150,,166,166,47,50 depth 0.10-0.20,DanaBunar2,TiefeVon,
1151,,167,167,55,54 depth 1.00-1.10,DanaBunar2,TiefeVon,
1152,,168,168,55,55 depth 1.00-1.10,DanaBunar2,TiefeVon,
1153,,169,169,58,23 depth 0.10-0.20,DanaBunar2,TiefeVon,
1154,,170,170,58,24 depth 0.30-0.40,DanaBunar2,TiefeVon,
1155,,171,171,58,25 depth 0.00-0.10,DanaBunar2,TiefeVon,
1156,,172,172,58,26 depth 0.10-0.20,DanaBunar2,TiefeVon,
1157,,173,173,58,27 depth 0.30-0.40,DanaBunar2,TiefeVon,
1158,,174,174,58,28 depth 0.20-0.30,DanaBunar2,TiefeVon,
1159,,175,175,64,11 depth 0.10-0.20,DanaBunar2,TiefeVon,
1160,,176,176,64,12 depth 0.36-0.46,DanaBunar2,TiefeVon,
1161,,177,177,64,13 depth 0.26-0.36,DanaBunar2,TiefeVon,
1162,,178,178,64,16 depth 0.48-0.58,DanaBunar2,TiefeVon,
1163,,179,179,2709_fond,Isw 2013/32,Iswid,TiefeVon,
1164,,180,180,2905 fond,Isw 2013/26,Iswid,TiefeVon,
1165,,181,181,2913 fond,Isw 2013/33,Iswid,TiefeVon,
1166,,182,182,foyer 2174,Isw 2013/15,Iswid,TiefeVon,
1167,,183,183,US 10503,Isw 2013/8,Iswid,TiefeVon,
1168,,184,184,US 10521,Isw 2013/20,Iswid,TiefeVon,
1169,,185,185,US 10534,Isw 2013/21,Iswid,TiefeVon,
1170,,186,186,US 10610,Isw 2013/25,Iswid,TiefeVon,
1171,,187,187,US 11004,Isw 2013/22,Iswid,TiefeVon,
1172,,188,188,US 11012,Isw 2013/27,Iswid,TiefeVon,
1173,,189,189,US 11067,Isw 2013/28,Iswid,TiefeVon,
1174,,190,190,US 12025,Isw 2013/25,Iswid,TiefeVon,
1175,,191,191,US 12040,Isw 2013/29,Iswid,TiefeVon,
1176,,192,192,US 12047,Isw 2013/30,Iswid,TiefeVon,
1177,,193,193,US 12504,Isw 2013/31,Iswid,TiefeVon,
1178,,194,194,US 13017,Isw 2015/18,Iswid,TiefeVon,
1179,,195,195,US 13017,Isw 2016/41,Iswid,TiefeVon,
1180,,196,196,US 13065,Isw 2015/25,Iswid,TiefeVon,
1181,,197,197,US 13066,Isw 2015/4,Iswid,TiefeVon,
1182,,198,198,US 13083,Isw 2015/22,Iswid,TiefeVon,
1183,,199,199,US 13099,Isw 2015/9,Iswid,TiefeVon,
1184,,200,200,US 13145,Isw 2015/21,Iswid,TiefeVon,
1185,,201,201,US 13516,Isw 2015/8,Iswid,TiefeVon,
1186,,202,202,US 13526,Isw 2015/2,Iswid,TiefeVon,
1187,,203,203,US 13572,Isw 2015/12,Iswid,TiefeVon,
1188,,204,204,US 13610,Isw 2015/11,Iswid,TiefeVon,
1189,,205,205,US 13632,Isw 2016/15,Iswid,TiefeVon,
1190,,206,206,US 13639,Isw2015/26,Iswid,TiefeVon,
1191,,207,207,US 13657,Isw 2015/17,Iswid,TiefeVon,
1192,,208,208,US 13705,Isw 2015/10,Iswid,TiefeVon,
1193,,209,209,US 13791,Isw 2015/5,Iswid,TiefeVon,
1194,,210,210,US 13791 (3),Isw 2015/7,Iswid,TiefeVon,
1195,,211,211,US 13802,Isw 2015/20,Iswid,TiefeVon,
1196,,212,212,US 13971,Isw 2015/7,Iswid,TiefeVon,
1197,,213,213,US 14021,Isw 2015/1,Iswid,TiefeVon,
1198,,214,214,US 14038,Isw 2015/3,Iswid,TiefeVon,
1199,,215,215,US 14050,Isw 2015/24,Iswid,TiefeVon,
1200,,216,216,US 14078,Isw 2916/23,Iswid,TiefeVon,
1201,,217,217,US 14131,Isw 2015/13,Iswid,TiefeVon,
1202,,218,218,US 14131,Isw 2016/12,Iswid,TiefeVon,
1203,,219,219,US 14158,Isw 2015/14,Iswid,TiefeVon,
1204,,220,220,US 14418,Isw 2016/34,Iswid,TiefeVon,
1205,,221,221,US 14495,Isw 16/37,Iswid,TiefeVon,
1206,,222,222,US 14509,16-Jan,Iswid,TiefeVon,
1207,,223,223,US 14636,Isw 16/35,Iswid,TiefeVon,
1208,,224,224,US 15067,Isw 2017/7,Iswid,TiefeVon,
1209,,225,225,US 15071,Isw 17/4,Iswid,TiefeVon,
1210,,226,226,US 15108,Isw 17/1,Iswid,TiefeVon,
1211,,227,227,US 15140,Isw17/26,Iswid,TiefeVon,
1212,,228,228,US 16183,Isw 2017/8,Iswid,TiefeVon,
1213,,229,229,US 16287_F4185 (TR.),Isw 17/23,Iswid,TiefeVon,
1214,,230,230,US 16323_F4199(foye,Isw 17/29,Iswid,TiefeVon,
1215,,231,231,US 6712,Isw 2013/13,Iswid,TiefeVon,
1216,,232,232,US 6773,Isw 2013/7,Iswid,TiefeVon,
1217,,233,233,US 6803,Isw 2013/10,Iswid,TiefeVon,
1218,,234,234,US 6810,Isw 2013/5,Iswid,TiefeVon,
1219,,235,235,US 6827,Isw 2013/2,Iswid,TiefeVon,
1220,,236,236,US 6854,Isw 2013/4,Iswid,TiefeVon,
1221,,237,237,US 6863,Isw 2013/12,Iswid,TiefeVon,
1222,,238,238,US 6875,Isw 2013/14,Iswid,TiefeVon,
1223,,239,239,US 9036,Isw 2013/3,Iswid,TiefeVon,
1224,,240,240,US 9200,Isw 2013/1,Iswid,TiefeVon,
1225,,241,241,US 9321,Isw 2013/6,Iswid,TiefeVon,
1226,,242,242,US 9404_foyer 2093,Isw 2013/17,Iswid,TiefeVon,
1227,,243,243,US 9519,Isw 2013/11,Iswid,TiefeVon,
1228,,244,244,US 9859/9860,Isw 2013/16,Iswid,TiefeVon,
1229,,245,245,US 9870_foyer2163,1,Iswid,TiefeVon,
1230,,246,246,US 9880_foyer 2166,Isw 2013/19,Iswid,TiefeVon,
