system_id,sample_method_id,ProjektNr,Befu,ProbNr,method_type,method_name
1,,18_0025,P16,18_0025_0003,"ORG2,0",
2,,18_0025,P18,18_0025_0004,"ORG2,0",
3,,18_0025,P20,18_0025_0005,"ORG2,0",
4,,18_0025,P5,18_0025_0001,"ORG2,0",
5,,18_0025,P6,18_0025_0002,"ORG2,0",
6,,19_0013,A11148,19_0013_0013,"ORG2,0",
7,,19_0013,A11148,19_0013_0014,"ORG2,0",
8,,19_0013,A11148,19_0013_0015,"ORG2,0",
9,,19_0013,A11148,19_0013_0020,"ORG2,0",
10,,19_0013,A479,19_0013_0010,"ORG2,0",
11,,19_0013,A479,19_0013_0011,"ORG2,0",
12,,19_0013,A479,19_0013_0012,"ORG2,0",
13,,19_0013,A479,19_0013_0019,"ORG2,0",
14,,19_0013,A6214,19_0013_0007,"ORG2,0",
15,,19_0013,A6214,19_0013_0008,"ORG2,0",
16,,19_0013,A6214,19_0013_0009,"ORG2,0",
17,,19_0013,A6214,19_0013_0018,"ORG2,0",
18,,19_0013,A8090,19_0013_0004,"ORG2,0",
19,,19_0013,A8090,19_0013_0005,"ORG2,0",
20,,19_0013,A8090,19_0013_0006,"ORG2,0",
21,,19_0013,A8090,19_0013_0017,"ORG2,0",
22,,19_0013,A9063,19_0013_0001,"ORG2,0",
23,,19_0013,A9063,19_0013_0002,"ORG2,0",
24,,19_0013,A9063,19_0013_0003,"ORG2,0",
25,,19_0013,A9063,19_0013_0016,"ORG2,0",
26,,19_0014,A10143,19_0014_0040,"ORG2,0",
27,,19_0014,A10153,19_0014_0037,"ORG2,0",
28,,19_0014,A10189,19_0014_0042,"ORG2,0",
29,,19_0014,A10229,19_0014_0039,"ORG2,0",
30,,19_0014,A10697,19_0014_0067,"ORG2,0",
31,,19_0014,A10990,19_0014_0055,"ORG2,0",
32,,19_0014,A11339,19_0014_0068,"ORG2,0",
33,,19_0014,A1196,19_0014_0044,"ORG2,0",
34,,19_0014,A12024,19_0014_0056,"ORG2,0",
35,,19_0014,A12024,19_0014_0057,"ORG2,0",
36,,19_0014,A12034,19_0014_0058,"ORG2,0",
37,,19_0014,A12435,19_0014_0069,"ORG2,0",
38,,19_0014,A13064,19_0014_0071,"ORG2,0",
39,,19_0014,A13200,19_0014_0041,"ORG2,0",
40,,19_0014,A13299,19_0014_0072,"ORG2,0",
41,,19_0014,A13837,19_0014_0060,"ORG2,0",
42,,19_0014,A15333,19_0014_0061,"ORG2,0",
43,,19_0014,A15344,19_0014_0074,"ORG2,0",
44,,19_0014,A15554,19_0014_0075,"ORG2,0",
45,,19_0014,A15736,19_0014_0059,"ORG2,0",
46,,19_0014,A16771,19_0014_0008,"ORG2,0",
47,,19_0014,A16783,19_0014_0005,"ORG2,0",
48,,19_0014,A17294,19_0014_0016,"ORG2,0",
49,,19_0014,A1875,19_0014_0046,"ORG2,0",
50,,19_0014,A1931,19_0014_0047,"ORG2,0",
51,,19_0014,A1998,19_0014_0048,"ORG2,0",
52,,19_0014,A2019,19_0014_0049,"ORG2,0",
53,,19_0014,A2029,19_0014_0050,"ORG2,0",
54,,19_0014,A2114,19_0014_0051,"ORG2,0",
55,,19_0014,A3019,19_0014_0052,"ORG2,0",
56,,19_0014,A3170,19_0014_0066,"ORG2,0",
57,,19_0014,A3650,19_0014_0053,"ORG2,0",
58,,19_0014,A4115,19_0014_0023,"ORG2,0",
59,,19_0014,A4365,19_0014_0054,"ORG2,0",
60,,19_0014,A5192,19_0014_0020,"ORG2,0",
61,,19_0014,A5213,19_0014_0019,"ORG2,0",
62,,19_0014,A5223,19_0014_0018,"ORG2,0",
63,,19_0014,A5254,19_0014_0029,"ORG2,0",
64,,19_0014,A5282,19_0014_0021,"ORG2,0",
65,,19_0014,A5294,19_0014_0022,"ORG2,0",
66,,19_0014,A5307,19_0014_0024,"ORG2,0",
67,,19_0014,A5334,19_0014_0063,"ORG2,0",
68,,19_0014,A6041,19_0014_0034,"ORG2,0",
69,,19_0014,A6135,19_0014_0015,"ORG2,0",
70,,19_0014,A6146,19_0014_0033,"ORG2,0",
71,,19_0014,A6157,19_0014_0035,"ORG2,0",
72,,19_0014,A6178,19_0014_0017,"ORG2,0",
73,,19_0014,A6194,19_0014_0025,"ORG2,0",
74,,19_0014,A7199,19_0014_0032,"ORG2,0",
75,,19_0014,A7253,19_0014_0014,"ORG2,0",
76,,19_0014,A7263,19_0014_0030,"ORG2,0",
77,,19_0014,A7294,19_0014_0013,"ORG2,0",
78,,19_0014,A7306,19_0014_0036,"ORG2,0",
79,,19_0014,A785,19_0014_0043,"ORG2,0",
80,,19_0014,A8079,19_0014_0007,"ORG2,0",
81,,19_0014,A8103,19_0014_0009,"ORG2,0",
82,,19_0014,A8114,19_0014_0011,"ORG2,0",
83,,19_0014,A8142,19_0014_0026,"ORG2,0",
84,,19_0014,A8178,19_0014_0031,"ORG2,0",
85,,19_0014,A8189,19_0014_0012,"ORG2,0",
86,,19_0014,A8234,19_0014_0010,"ORG2,0",
87,,19_0014,A9000,19_0014_0027,"ORG2,0",
88,,19_0014,A9052,19_0014_0028,"ORG2,0",
89,,19_0014,A9075,19_0014_0003,"ORG2,0",
90,,19_0014,A9111,19_0014_0001,"ORG2,0",
91,,19_0014,A9126,19_0014_0004,"ORG2,0",
92,,19_0014,A9199,19_0014_0006,"ORG2,0",
93,,19_0014,A957,19_0014_0064,"ORG2,0",
94,,19_0014,A973,19_0014_0065,"ORG2,0",
95,,19_0014,A9847,19_0014_0002,"ORG2,0",
96,,22_0005,11200,22_0005_0001,"ORG2,0",
97,,22_0005,11201,22_0005_0002,"ORG2,0",
98,,22_0005,11221,22_0005_0003,"ORG2,0",
99,,22_0005,12026,22_0005_0004,"ORG2,0",
100,,22_0005,200125,22_0005_0012,"ORG2,0",
101,,22_0005,200149,22_0005_0013,"ORG2,0",
102,,22_0005,200177,22_0005_0009,"ORG2,0",
103,,22_0005,200473,22_0005_0005,"ORG2,0",
104,,22_0005,200475,22_0005_0006,"ORG2,0",
105,,22_0005,23362,22_0005_0010,"ORG2,0",
106,,22_0005,23434,22_0005_0007,"ORG2,0",
107,,22_0005,23491,22_0005_0008,"ORG2,0",
108,,22_0005,23988,22_0005_0011,"ORG2,0",
109,,22_0015,A2076,22_0015_0017,"ORG2,0",ja
110,,22_0015,A2154,22_0015_0020,"ORG2,0",ja
111,,22_0015,A2874 G2976,22_0015_0014,"ORG2,0",ja
112,,22_0015,A4796,22_0015_0013,"ORG2,0",ja
113,,22_0015,M153 St 1,22_0015_0006,"ORG2,0",ja
114,,22_0015,M153 St 2,22_0015_0007,"ORG2,0",ja
115,,22_0015,M160 St 1,22_0015_0001,"ORG2,0",ja
116,,22_0015,M167 St 1,22_0015_0002,"ORG2,0",ja
117,,22_0015,M167 St 2,22_0015_0003,"ORG2,0",ja
118,,22_0015,M167 St 3,22_0015_0004,"ORG2,0",ja
119,,22_0015,M167 St 4,22_0015_0005,"ORG2,0",ja
120,,22_0015,M32 Undre del,2022_0015_0009,"ORG2,0",ja
121,,22_0015,M32 Övre del,2022_0015_0008,"ORG2,0",ja
122,,22_0015,M99 A5085,2022_0015_0010,"ORG2,0",ja
123,,22_0015,M99 A5085,2022_0015_0012,"ORG2,0",ja
124,,DanaBunar2,31,17 depth 0.10-0.20,"ORG2,0",
125,,DanaBunar2,31,17a depth 0.00-0.20,"ORG2,0",
126,,DanaBunar2,32,51 depth 0.00-0.10,"ORG2,0",
127,,DanaBunar2,32,52 depth 0.10-0.20,"ORG2,0",
128,,DanaBunar2,32,53 depth 0.00-0.10,"ORG2,0",
129,,DanaBunar2,33,18 depth 0.20-0.30,"ORG2,0",
130,,DanaBunar2,33,19 depth 0.00-0.10,"ORG2,0",
131,,DanaBunar2,33,20 depth 0.10-0.30,"ORG2,0",
132,,DanaBunar2,33,21 depth 0.30-0.40,"ORG2,0",
133,,DanaBunar2,33,22 depth 0.20-0.30,"ORG2,0",
134,,DanaBunar2,37,39 depth 0.10-0.20,"ORG2,0",
135,,DanaBunar2,37,40 depth 0.20-0.30,"ORG2,0",
136,,DanaBunar2,37,41 depth 0.00-0.10,"ORG2,0",
137,,DanaBunar2,37,42 depth 0.00-0.10,"ORG2,0",
138,,DanaBunar2,38,1 depth 0.48-0.58,"ORG2,0",
139,,DanaBunar2,38,2 depth 0.35-0.45,"ORG2,0",
140,,DanaBunar2,38,3 depth 0.35-0.45,"ORG2,0",
141,,DanaBunar2,38,4 depth 0.00-0.10,"ORG2,0",
142,,DanaBunar2,38,5 depth 0.30-0.50,"ORG2,0",
143,,DanaBunar2,39,47 depth 0.00-0.10,"ORG2,0",
144,,DanaBunar2,39,48 depth 0.10-0.20,"ORG2,0",
145,,DanaBunar2,41,44 depth 0.00-0.10,"ORG2,0",
146,,DanaBunar2,41,46 depth 0.30-0.40,"ORG2,0",
147,,DanaBunar2,42,10 depth 0.10-0.20,"ORG2,0",
148,,DanaBunar2,42,6 depth 0.00-0.10,"ORG2,0",
149,,DanaBunar2,42,7 depth 0.00-0.10,"ORG2,0",
150,,DanaBunar2,42,8 depth 0.10-0.20,"ORG2,0",
151,,DanaBunar2,42,9 depth 0.10-0.20,"ORG2,0",
152,,DanaBunar2,44,87 depth 0.06-0.16,"ORG2,0",
153,,DanaBunar2,44,88 depth 0.20-0.30,"ORG2,0",
154,,DanaBunar2,44,89 depth 0.30-0.40,"ORG2,0",
155,,DanaBunar2,44,90 depth 0.16-0.26,"ORG2,0",
156,,DanaBunar2,44,91 depth 0.10-0.20,"ORG2,0",
157,,DanaBunar2,44,92 depth 0.00-0.10,"ORG2,0",
158,,DanaBunar2,44,93 depth 0.30-0.40,"ORG2,0",
159,,DanaBunar2,46,30 depth 0.60-0.70,"ORG2,0",
160,,DanaBunar2,46,31 depth 0.50-0.60,"ORG2,0",
161,,DanaBunar2,46,32 depth 0.60-0.70,"ORG2,0",
162,,DanaBunar2,46,33 depth 0.30-0.40,"ORG2,0",
163,,DanaBunar2,46,34 depth 0.40-0.50,"ORG2,0",
164,,DanaBunar2,46,35 depth 0.30-0.40,"ORG2,0",
165,,DanaBunar2,47,49 depth 0.10-0.20,"ORG2,0",
166,,DanaBunar2,47,50 depth 0.10-0.20,"ORG2,0",
167,,DanaBunar2,55,54 depth 1.00-1.10,"ORG2,0",
168,,DanaBunar2,55,55 depth 1.00-1.10,"ORG2,0",
169,,DanaBunar2,58,23 depth 0.10-0.20,"ORG2,0",
170,,DanaBunar2,58,24 depth 0.30-0.40,"ORG2,0",
171,,DanaBunar2,58,25 depth 0.00-0.10,"ORG2,0",
172,,DanaBunar2,58,26 depth 0.10-0.20,"ORG2,0",
173,,DanaBunar2,58,27 depth 0.30-0.40,"ORG2,0",
174,,DanaBunar2,58,28 depth 0.20-0.30,"ORG2,0",
175,,DanaBunar2,64,11 depth 0.10-0.20,"ORG2,0",
176,,DanaBunar2,64,12 depth 0.36-0.46,"ORG2,0",
177,,DanaBunar2,64,13 depth 0.26-0.36,"ORG2,0",
178,,DanaBunar2,64,16 depth 0.48-0.58,"ORG2,0",
179,,Iswid,2709_fond,Isw 2013/32,"ORG2,0",
180,,Iswid,2905 fond,Isw 2013/26,"ORG2,0",
181,,Iswid,2913 fond,Isw 2013/33,"ORG2,0",
182,,Iswid,foyer 2174,Isw 2013/15,"ORG2,0",
183,,Iswid,US 10503,Isw 2013/8,"ORG2,0",
184,,Iswid,US 10521,Isw 2013/20,"ORG2,0",
185,,Iswid,US 10534,Isw 2013/21,"ORG2,0",
186,,Iswid,US 10610,Isw 2013/25,"ORG2,0",
187,,Iswid,US 11004,Isw 2013/22,"ORG2,0",
188,,Iswid,US 11012,Isw 2013/27,"ORG2,0",
189,,Iswid,US 11067,Isw 2013/28,"ORG2,0",
190,,Iswid,US 12025,Isw 2013/25,"ORG2,0",
191,,Iswid,US 12040,Isw 2013/29,"ORG2,0",
192,,Iswid,US 12047,Isw 2013/30,"ORG2,0",
193,,Iswid,US 12504,Isw 2013/31,"ORG2,0",
194,,Iswid,US 13017,Isw 2015/18,"ORG2,0",
195,,Iswid,US 13017,Isw 2016/41,"ORG2,0",
196,,Iswid,US 13065,Isw 2015/25,"ORG2,0",
197,,Iswid,US 13066,Isw 2015/4,"ORG2,0",
198,,Iswid,US 13083,Isw 2015/22,"ORG2,0",
199,,Iswid,US 13099,Isw 2015/9,"ORG2,0",
200,,Iswid,US 13145,Isw 2015/21,"ORG2,0",
201,,Iswid,US 13516,Isw 2015/8,"ORG2,0",
202,,Iswid,US 13526,Isw 2015/2,"ORG2,0",
203,,Iswid,US 13572,Isw 2015/12,"ORG2,0",
204,,Iswid,US 13610,Isw 2015/11,"ORG2,0",
205,,Iswid,US 13632,Isw 2016/15,"ORG2,0",
206,,Iswid,US 13639,Isw2015/26,"ORG2,0",
207,,Iswid,US 13657,Isw 2015/17,"ORG2,0",
208,,Iswid,US 13705,Isw 2015/10,"ORG2,0",
209,,Iswid,US 13791,Isw 2015/5,"ORG2,0",
210,,Iswid,US 13791 (3),Isw 2015/7,"ORG2,0",
211,,Iswid,US 13802,Isw 2015/20,"ORG2,0",
212,,Iswid,US 13971,Isw 2015/7,"ORG2,0",
213,,Iswid,US 14021,Isw 2015/1,"ORG2,0",
214,,Iswid,US 14038,Isw 2015/3,"ORG2,0",
215,,Iswid,US 14050,Isw 2015/24,"ORG2,0",
216,,Iswid,US 14078,Isw 2916/23,"ORG2,0",
217,,Iswid,US 14131,Isw 2015/13,"ORG2,0",
218,,Iswid,US 14131,Isw 2016/12,"ORG2,0",
219,,Iswid,US 14158,Isw 2015/14,"ORG2,0",
220,,Iswid,US 14418,Isw 2016/34,"ORG2,0",
221,,Iswid,US 14495,Isw 16/37,"ORG2,0",
222,,Iswid,US 14509,16-Jan,"ORG2,0",
223,,Iswid,US 14636,Isw 16/35,"ORG2,0",
224,,Iswid,US 15067,Isw 2017/7,"ORG2,0",
225,,Iswid,US 15071,Isw 17/4,"ORG2,0",
226,,Iswid,US 15108,Isw 17/1,"ORG2,0",
227,,Iswid,US 15140,Isw17/26,"ORG2,0",
228,,Iswid,US 16183,Isw 2017/8,"ORG2,0",
229,,Iswid,US 16287_F4185 (TR.),Isw 17/23,"ORG2,0",
230,,Iswid,US 16323_F4199(foye,Isw 17/29,"ORG2,0",
231,,Iswid,US 6712,Isw 2013/13,"ORG2,0",
232,,Iswid,US 6773,Isw 2013/7,"ORG2,0",
233,,Iswid,US 6803,Isw 2013/10,"ORG2,0",
234,,Iswid,US 6810,Isw 2013/5,"ORG2,0",
235,,Iswid,US 6827,Isw 2013/2,"ORG2,0",
236,,Iswid,US 6854,Isw 2013/4,"ORG2,0",
237,,Iswid,US 6863,Isw 2013/12,"ORG2,0",
238,,Iswid,US 6875,Isw 2013/14,"ORG2,0",
239,,Iswid,US 9036,Isw 2013/3,"ORG2,0",
240,,Iswid,US 9200,Isw 2013/1,"ORG2,0",
241,,Iswid,US 9321,Isw 2013/6,"ORG2,0",
242,,Iswid,US 9404_foyer 2093,Isw 2013/17,"ORG2,0",
243,,Iswid,US 9519,Isw 2013/11,"ORG2,0",
244,,Iswid,US 9859/9860,Isw 2013/16,"ORG2,0",
245,,Iswid,US 9870_foyer2163,1,"ORG2,0",
246,,Iswid,US 9880_foyer 2166,Isw 2013/19,"ORG2,0",
247,,18_0025,P16,18_0025_0003,"ORG1,0",nein
248,,18_0025,P18,18_0025_0004,"ORG1,0",nein
249,,18_0025,P20,18_0025_0005,"ORG1,0",nein
250,,18_0025,P5,18_0025_0001,"ORG1,0",nein
251,,18_0025,P6,18_0025_0002,"ORG1,0",nein
252,,19_0013,A11148,19_0013_0013,"ORG1,0",ja
253,,19_0013,A11148,19_0013_0014,"ORG1,0",ja
254,,19_0013,A11148,19_0013_0015,"ORG1,0",ja
255,,19_0013,A11148,19_0013_0020,"ORG1,0",ja
256,,19_0013,A479,19_0013_0010,"ORG1,0",ja
257,,19_0013,A479,19_0013_0011,"ORG1,0",ja
258,,19_0013,A479,19_0013_0012,"ORG1,0",ja
259,,19_0013,A479,19_0013_0019,"ORG1,0",ja
260,,19_0013,A6214,19_0013_0007,"ORG1,0",ja
261,,19_0013,A6214,19_0013_0008,"ORG1,0",ja
262,,19_0013,A6214,19_0013_0009,"ORG1,0",ja
263,,19_0013,A6214,19_0013_0018,"ORG1,0",ja
264,,19_0013,A8090,19_0013_0004,"ORG1,0",ja
265,,19_0013,A8090,19_0013_0005,"ORG1,0",ja
266,,19_0013,A8090,19_0013_0006,"ORG1,0",ja
267,,19_0013,A8090,19_0013_0017,"ORG1,0",ja
268,,19_0013,A9063,19_0013_0001,"ORG1,0",ja
269,,19_0013,A9063,19_0013_0002,"ORG1,0",ja
270,,19_0013,A9063,19_0013_0003,"ORG1,0",ja
271,,19_0013,A9063,19_0013_0016,"ORG1,0",ja
272,,19_0014,A10143,19_0014_0040,"ORG1,0",ja
273,,19_0014,A10153,19_0014_0037,"ORG1,0",ja
274,,19_0014,A10189,19_0014_0042,"ORG1,0",ja
275,,19_0014,A10229,19_0014_0039,"ORG1,0",ja
276,,19_0014,A10697,19_0014_0067,"ORG1,0",ja
277,,19_0014,A10990,19_0014_0055,"ORG1,0",ja
278,,19_0014,A11339,19_0014_0068,"ORG1,0",ja
279,,19_0014,A1196,19_0014_0044,"ORG1,0",ja
280,,19_0014,A12024,19_0014_0056,"ORG1,0",ja
281,,19_0014,A12024,19_0014_0057,"ORG1,0",ja
282,,19_0014,A12034,19_0014_0058,"ORG1,0",ja
283,,19_0014,A12435,19_0014_0069,"ORG1,0",ja
284,,19_0014,A13064,19_0014_0071,"ORG1,0",ja
285,,19_0014,A13200,19_0014_0041,"ORG1,0",ja
286,,19_0014,A13299,19_0014_0072,"ORG1,0",ja
287,,19_0014,A13837,19_0014_0060,"ORG1,0",ja
288,,19_0014,A15333,19_0014_0061,"ORG1,0",ja
289,,19_0014,A15344,19_0014_0074,"ORG1,0",ja
290,,19_0014,A15554,19_0014_0075,"ORG1,0",ja
291,,19_0014,A15736,19_0014_0059,"ORG1,0",ja
292,,19_0014,A16771,19_0014_0008,"ORG1,0",ja
293,,19_0014,A16783,19_0014_0005,"ORG1,0",ja
294,,19_0014,A17294,19_0014_0016,"ORG1,0",ja
295,,19_0014,A1875,19_0014_0046,"ORG1,0",ja
296,,19_0014,A1931,19_0014_0047,"ORG1,0",ja
297,,19_0014,A1998,19_0014_0048,"ORG1,0",ja
298,,19_0014,A2019,19_0014_0049,"ORG1,0",ja
299,,19_0014,A2029,19_0014_0050,"ORG1,0",ja
300,,19_0014,A2114,19_0014_0051,"ORG1,0",ja
301,,19_0014,A3019,19_0014_0052,"ORG1,0",ja
302,,19_0014,A3170,19_0014_0066,"ORG1,0",ja
303,,19_0014,A3650,19_0014_0053,"ORG1,0",ja
304,,19_0014,A4115,19_0014_0023,"ORG1,0",ja
305,,19_0014,A4365,19_0014_0054,"ORG1,0",ja
306,,19_0014,A5192,19_0014_0020,"ORG1,0",ja
307,,19_0014,A5213,19_0014_0019,"ORG1,0",ja
308,,19_0014,A5223,19_0014_0018,"ORG1,0",ja
309,,19_0014,A5254,19_0014_0029,"ORG1,0",ja
310,,19_0014,A5282,19_0014_0021,"ORG1,0",ja
311,,19_0014,A5294,19_0014_0022,"ORG1,0",ja
312,,19_0014,A5307,19_0014_0024,"ORG1,0",ja
313,,19_0014,A5334,19_0014_0063,"ORG1,0",ja
314,,19_0014,A6041,19_0014_0034,"ORG1,0",ja
315,,19_0014,A6135,19_0014_0015,"ORG1,0",ja
316,,19_0014,A6146,19_0014_0033,"ORG1,0",ja
317,,19_0014,A6157,19_0014_0035,"ORG1,0",ja
318,,19_0014,A6178,19_0014_0017,"ORG1,0",ja
319,,19_0014,A6194,19_0014_0025,"ORG1,0",ja
320,,19_0014,A7199,19_0014_0032,"ORG1,0",ja
321,,19_0014,A7253,19_0014_0014,"ORG1,0",ja
322,,19_0014,A7263,19_0014_0030,"ORG1,0",ja
323,,19_0014,A7294,19_0014_0013,"ORG1,0",ja
324,,19_0014,A7306,19_0014_0036,"ORG1,0",ja
325,,19_0014,A785,19_0014_0043,"ORG1,0",ja
326,,19_0014,A8079,19_0014_0007,"ORG1,0",ja
327,,19_0014,A8103,19_0014_0009,"ORG1,0",ja
328,,19_0014,A8114,19_0014_0011,"ORG1,0",ja
329,,19_0014,A8142,19_0014_0026,"ORG1,0",ja
330,,19_0014,A8178,19_0014_0031,"ORG1,0",ja
331,,19_0014,A8189,19_0014_0012,"ORG1,0",ja
332,,19_0014,A8234,19_0014_0010,"ORG1,0",ja
333,,19_0014,A9000,19_0014_0027,"ORG1,0",ja
334,,19_0014,A9052,19_0014_0028,"ORG1,0",ja
335,,19_0014,A9075,19_0014_0003,"ORG1,0",ja
336,,19_0014,A9111,19_0014_0001,"ORG1,0",ja
337,,19_0014,A9126,19_0014_0004,"ORG1,0",ja
338,,19_0014,A9199,19_0014_0006,"ORG1,0",ja
339,,19_0014,A957,19_0014_0064,"ORG1,0",ja
340,,19_0014,A973,19_0014_0065,"ORG1,0",ja
341,,19_0014,A9847,19_0014_0002,"ORG1,0",ja
342,,22_0005,11200,22_0005_0001,"ORG1,0",ja
343,,22_0005,11201,22_0005_0002,"ORG1,0",ja
344,,22_0005,11221,22_0005_0003,"ORG1,0",ja
345,,22_0005,12026,22_0005_0004,"ORG1,0",ja
346,,22_0005,200125,22_0005_0012,"ORG1,0",ja
347,,22_0005,200149,22_0005_0013,"ORG1,0",ja
348,,22_0005,200177,22_0005_0009,"ORG1,0",ja
349,,22_0005,200473,22_0005_0005,"ORG1,0",ja
350,,22_0005,200475,22_0005_0006,"ORG1,0",ja
351,,22_0005,23362,22_0005_0010,"ORG1,0",ja
352,,22_0005,23434,22_0005_0007,"ORG1,0",ja
353,,22_0005,23491,22_0005_0008,"ORG1,0",ja
354,,22_0005,23988,22_0005_0011,"ORG1,0",ja
355,,22_0015,A2076,22_0015_0017,"ORG1,0",
356,,22_0015,A2154,22_0015_0020,"ORG1,0",
357,,22_0015,A2874 G2976,22_0015_0014,"ORG1,0",
358,,22_0015,A4796,22_0015_0013,"ORG1,0",
359,,22_0015,M153 St 1,22_0015_0006,"ORG1,0",
360,,22_0015,M153 St 2,22_0015_0007,"ORG1,0",
361,,22_0015,M160 St 1,22_0015_0001,"ORG1,0",
362,,22_0015,M167 St 1,22_0015_0002,"ORG1,0",
363,,22_0015,M167 St 2,22_0015_0003,"ORG1,0",
364,,22_0015,M167 St 3,22_0015_0004,"ORG1,0",
365,,22_0015,M167 St 4,22_0015_0005,"ORG1,0",
366,,22_0015,M32 Undre del,2022_0015_0009,"ORG1,0",
367,,22_0015,M32 Övre del,2022_0015_0008,"ORG1,0",
368,,22_0015,M99 A5085,2022_0015_0010,"ORG1,0",
369,,22_0015,M99 A5085,2022_0015_0012,"ORG1,0",
370,,DanaBunar2,31,17 depth 0.10-0.20,"ORG1,0",ja
371,,DanaBunar2,31,17a depth 0.00-0.20,"ORG1,0",ja
372,,DanaBunar2,32,51 depth 0.00-0.10,"ORG1,0",ja
373,,DanaBunar2,32,52 depth 0.10-0.20,"ORG1,0",ja
374,,DanaBunar2,32,53 depth 0.00-0.10,"ORG1,0",ja
375,,DanaBunar2,33,18 depth 0.20-0.30,"ORG1,0",ja
376,,DanaBunar2,33,19 depth 0.00-0.10,"ORG1,0",ja
377,,DanaBunar2,33,20 depth 0.10-0.30,"ORG1,0",ja
378,,DanaBunar2,33,21 depth 0.30-0.40,"ORG1,0",ja
379,,DanaBunar2,33,22 depth 0.20-0.30,"ORG1,0",ja
380,,DanaBunar2,37,39 depth 0.10-0.20,"ORG1,0",ja
381,,DanaBunar2,37,40 depth 0.20-0.30,"ORG1,0",ja
382,,DanaBunar2,37,41 depth 0.00-0.10,"ORG1,0",ja
383,,DanaBunar2,37,42 depth 0.00-0.10,"ORG1,0",ja
384,,DanaBunar2,38,1 depth 0.48-0.58,"ORG1,0",ja
385,,DanaBunar2,38,2 depth 0.35-0.45,"ORG1,0",ja
386,,DanaBunar2,38,3 depth 0.35-0.45,"ORG1,0",ja
387,,DanaBunar2,38,4 depth 0.00-0.10,"ORG1,0",ja
388,,DanaBunar2,38,5 depth 0.30-0.50,"ORG1,0",ja
389,,DanaBunar2,39,47 depth 0.00-0.10,"ORG1,0",ja
390,,DanaBunar2,39,48 depth 0.10-0.20,"ORG1,0",ja
391,,DanaBunar2,41,44 depth 0.00-0.10,"ORG1,0",ja
392,,DanaBunar2,41,46 depth 0.30-0.40,"ORG1,0",ja
393,,DanaBunar2,42,10 depth 0.10-0.20,"ORG1,0",ja
394,,DanaBunar2,42,6 depth 0.00-0.10,"ORG1,0",ja
395,,DanaBunar2,42,7 depth 0.00-0.10,"ORG1,0",ja
396,,DanaBunar2,42,8 depth 0.10-0.20,"ORG1,0",ja
397,,DanaBunar2,42,9 depth 0.10-0.20,"ORG1,0",ja
398,,DanaBunar2,44,87 depth 0.06-0.16,"ORG1,0",ja
399,,DanaBunar2,44,88 depth 0.20-0.30,"ORG1,0",ja
400,,DanaBunar2,44,89 depth 0.30-0.40,"ORG1,0",ja
401,,DanaBunar2,44,90 depth 0.16-0.26,"ORG1,0",ja
402,,DanaBunar2,44,91 depth 0.10-0.20,"ORG1,0",ja
403,,DanaBunar2,44,92 depth 0.00-0.10,"ORG1,0",ja
404,,DanaBunar2,44,93 depth 0.30-0.40,"ORG1,0",ja
405,,DanaBunar2,46,30 depth 0.60-0.70,"ORG1,0",ja
406,,DanaBunar2,46,31 depth 0.50-0.60,"ORG1,0",ja
407,,DanaBunar2,46,32 depth 0.60-0.70,"ORG1,0",ja
408,,DanaBunar2,46,33 depth 0.30-0.40,"ORG1,0",ja
409,,DanaBunar2,46,34 depth 0.40-0.50,"ORG1,0",ja
410,,DanaBunar2,46,35 depth 0.30-0.40,"ORG1,0",ja
411,,DanaBunar2,47,49 depth 0.10-0.20,"ORG1,0",ja
412,,DanaBunar2,47,50 depth 0.10-0.20,"ORG1,0",ja
413,,DanaBunar2,55,54 depth 1.00-1.10,"ORG1,0",ja
414,,DanaBunar2,55,55 depth 1.00-1.10,"ORG1,0",ja
415,,DanaBunar2,58,23 depth 0.10-0.20,"ORG1,0",ja
416,,DanaBunar2,58,24 depth 0.30-0.40,"ORG1,0",ja
417,,DanaBunar2,58,25 depth 0.00-0.10,"ORG1,0",ja
418,,DanaBunar2,58,26 depth 0.10-0.20,"ORG1,0",ja
419,,DanaBunar2,58,27 depth 0.30-0.40,"ORG1,0",ja
420,,DanaBunar2,58,28 depth 0.20-0.30,"ORG1,0",ja
421,,DanaBunar2,64,11 depth 0.10-0.20,"ORG1,0",ja
422,,DanaBunar2,64,12 depth 0.36-0.46,"ORG1,0",ja
423,,DanaBunar2,64,13 depth 0.26-0.36,"ORG1,0",ja
424,,DanaBunar2,64,16 depth 0.48-0.58,"ORG1,0",ja
425,,Iswid,2709_fond,Isw 2013/32,"ORG1,0",
426,,Iswid,2905 fond,Isw 2013/26,"ORG1,0",
427,,Iswid,2913 fond,Isw 2013/33,"ORG1,0",
428,,Iswid,foyer 2174,Isw 2013/15,"ORG1,0",
429,,Iswid,US 10503,Isw 2013/8,"ORG1,0",
430,,Iswid,US 10521,Isw 2013/20,"ORG1,0",
431,,Iswid,US 10534,Isw 2013/21,"ORG1,0",
432,,Iswid,US 10610,Isw 2013/25,"ORG1,0",
433,,Iswid,US 11004,Isw 2013/22,"ORG1,0",
434,,Iswid,US 11012,Isw 2013/27,"ORG1,0",
435,,Iswid,US 11067,Isw 2013/28,"ORG1,0",
436,,Iswid,US 12025,Isw 2013/25,"ORG1,0",
437,,Iswid,US 12040,Isw 2013/29,"ORG1,0",
438,,Iswid,US 12047,Isw 2013/30,"ORG1,0",
439,,Iswid,US 12504,Isw 2013/31,"ORG1,0",
440,,Iswid,US 13017,Isw 2015/18,"ORG1,0",
441,,Iswid,US 13017,Isw 2016/41,"ORG1,0",
442,,Iswid,US 13065,Isw 2015/25,"ORG1,0",
443,,Iswid,US 13066,Isw 2015/4,"ORG1,0",
444,,Iswid,US 13083,Isw 2015/22,"ORG1,0",
445,,Iswid,US 13099,Isw 2015/9,"ORG1,0",
446,,Iswid,US 13145,Isw 2015/21,"ORG1,0",
447,,Iswid,US 13516,Isw 2015/8,"ORG1,0",
448,,Iswid,US 13526,Isw 2015/2,"ORG1,0",
449,,Iswid,US 13572,Isw 2015/12,"ORG1,0",
450,,Iswid,US 13610,Isw 2015/11,"ORG1,0",
451,,Iswid,US 13632,Isw 2016/15,"ORG1,0",
452,,Iswid,US 13639,Isw2015/26,"ORG1,0",
453,,Iswid,US 13657,Isw 2015/17,"ORG1,0",
454,,Iswid,US 13705,Isw 2015/10,"ORG1,0",
455,,Iswid,US 13791,Isw 2015/5,"ORG1,0",
456,,Iswid,US 13791 (3),Isw 2015/7,"ORG1,0",
457,,Iswid,US 13802,Isw 2015/20,"ORG1,0",
458,,Iswid,US 13971,Isw 2015/7,"ORG1,0",
459,,Iswid,US 14021,Isw 2015/1,"ORG1,0",
460,,Iswid,US 14038,Isw 2015/3,"ORG1,0",
461,,Iswid,US 14050,Isw 2015/24,"ORG1,0",
462,,Iswid,US 14078,Isw 2916/23,"ORG1,0",
463,,Iswid,US 14131,Isw 2015/13,"ORG1,0",
464,,Iswid,US 14131,Isw 2016/12,"ORG1,0",
465,,Iswid,US 14158,Isw 2015/14,"ORG1,0",
466,,Iswid,US 14418,Isw 2016/34,"ORG1,0",
467,,Iswid,US 14495,Isw 16/37,"ORG1,0",
468,,Iswid,US 14509,16-Jan,"ORG1,0",
469,,Iswid,US 14636,Isw 16/35,"ORG1,0",
470,,Iswid,US 15067,Isw 2017/7,"ORG1,0",
471,,Iswid,US 15071,Isw 17/4,"ORG1,0",
472,,Iswid,US 15108,Isw 17/1,"ORG1,0",
473,,Iswid,US 15140,Isw17/26,"ORG1,0",
474,,Iswid,US 16183,Isw 2017/8,"ORG1,0",
475,,Iswid,US 16287_F4185 (TR.),Isw 17/23,"ORG1,0",
476,,Iswid,US 16323_F4199(foye,Isw 17/29,"ORG1,0",
477,,Iswid,US 6712,Isw 2013/13,"ORG1,0",
478,,Iswid,US 6773,Isw 2013/7,"ORG1,0",
479,,Iswid,US 6803,Isw 2013/10,"ORG1,0",
480,,Iswid,US 6810,Isw 2013/5,"ORG1,0",
481,,Iswid,US 6827,Isw 2013/2,"ORG1,0",
482,,Iswid,US 6854,Isw 2013/4,"ORG1,0",
483,,Iswid,US 6863,Isw 2013/12,"ORG1,0",
484,,Iswid,US 6875,Isw 2013/14,"ORG1,0",
485,,Iswid,US 9036,Isw 2013/3,"ORG1,0",
486,,Iswid,US 9200,Isw 2013/1,"ORG1,0",
487,,Iswid,US 9321,Isw 2013/6,"ORG1,0",
488,,Iswid,US 9404_foyer 2093,Isw 2013/17,"ORG1,0",
489,,Iswid,US 9519,Isw 2013/11,"ORG1,0",
490,,Iswid,US 9859/9860,Isw 2013/16,"ORG1,0",
491,,Iswid,US 9870_foyer2163,1,"ORG1,0",
492,,Iswid,US 9880_foyer 2166,Isw 2013/19,"ORG1,0",
493,,18_0025,P16,18_0025_0003,"ORG0,5",teils
494,,18_0025,P18,18_0025_0004,"ORG0,5",teils
495,,18_0025,P20,18_0025_0005,"ORG0,5",ja
496,,18_0025,P5,18_0025_0001,"ORG0,5",teils
497,,18_0025,P6,18_0025_0002,"ORG0,5",teils
498,,19_0013,A11148,19_0013_0013,"ORG0,5",
499,,19_0013,A11148,19_0013_0014,"ORG0,5",
500,,19_0013,A11148,19_0013_0015,"ORG0,5",
501,,19_0013,A11148,19_0013_0020,"ORG0,5",
502,,19_0013,A479,19_0013_0010,"ORG0,5",ja
503,,19_0013,A479,19_0013_0011,"ORG0,5",
504,,19_0013,A479,19_0013_0012,"ORG0,5",
505,,19_0013,A479,19_0013_0019,"ORG0,5",
506,,19_0013,A6214,19_0013_0007,"ORG0,5",
507,,19_0013,A6214,19_0013_0008,"ORG0,5",
508,,19_0013,A6214,19_0013_0009,"ORG0,5",
509,,19_0013,A6214,19_0013_0018,"ORG0,5",
510,,19_0013,A8090,19_0013_0004,"ORG0,5",
511,,19_0013,A8090,19_0013_0005,"ORG0,5",
512,,19_0013,A8090,19_0013_0006,"ORG0,5",
513,,19_0013,A8090,19_0013_0017,"ORG0,5",
514,,19_0013,A9063,19_0013_0001,"ORG0,5",
515,,19_0013,A9063,19_0013_0002,"ORG0,5",
516,,19_0013,A9063,19_0013_0003,"ORG0,5",
517,,19_0013,A9063,19_0013_0016,"ORG0,5",
518,,19_0014,A10143,19_0014_0040,"ORG0,5",ja
519,,19_0014,A10153,19_0014_0037,"ORG0,5",ja
520,,19_0014,A10189,19_0014_0042,"ORG0,5",ja
521,,19_0014,A10229,19_0014_0039,"ORG0,5",ja
522,,19_0014,A10697,19_0014_0067,"ORG0,5",ja
523,,19_0014,A10990,19_0014_0055,"ORG0,5",ja
524,,19_0014,A11339,19_0014_0068,"ORG0,5",ja
525,,19_0014,A1196,19_0014_0044,"ORG0,5",ja
526,,19_0014,A12024,19_0014_0056,"ORG0,5",ja
527,,19_0014,A12024,19_0014_0057,"ORG0,5",ja
528,,19_0014,A12034,19_0014_0058,"ORG0,5",ja
529,,19_0014,A12435,19_0014_0069,"ORG0,5",ja
530,,19_0014,A13064,19_0014_0071,"ORG0,5",ja
531,,19_0014,A13200,19_0014_0041,"ORG0,5",ja
532,,19_0014,A13299,19_0014_0072,"ORG0,5",ja
533,,19_0014,A13837,19_0014_0060,"ORG0,5",ja
534,,19_0014,A15333,19_0014_0061,"ORG0,5",ja
535,,19_0014,A15344,19_0014_0074,"ORG0,5",ja
536,,19_0014,A15554,19_0014_0075,"ORG0,5",ja
537,,19_0014,A15736,19_0014_0059,"ORG0,5",ja
538,,19_0014,A16771,19_0014_0008,"ORG0,5",ja
539,,19_0014,A16783,19_0014_0005,"ORG0,5",ja
540,,19_0014,A17294,19_0014_0016,"ORG0,5",ja
541,,19_0014,A1875,19_0014_0046,"ORG0,5",ja
542,,19_0014,A1931,19_0014_0047,"ORG0,5",ja
543,,19_0014,A1998,19_0014_0048,"ORG0,5",ja
544,,19_0014,A2019,19_0014_0049,"ORG0,5",ja
545,,19_0014,A2029,19_0014_0050,"ORG0,5",ja
546,,19_0014,A2114,19_0014_0051,"ORG0,5",ja
547,,19_0014,A3019,19_0014_0052,"ORG0,5",ja
548,,19_0014,A3170,19_0014_0066,"ORG0,5",ja
549,,19_0014,A3650,19_0014_0053,"ORG0,5",ja
550,,19_0014,A4115,19_0014_0023,"ORG0,5",ja
551,,19_0014,A4365,19_0014_0054,"ORG0,5",ja
552,,19_0014,A5192,19_0014_0020,"ORG0,5",ja
553,,19_0014,A5213,19_0014_0019,"ORG0,5",ja
554,,19_0014,A5223,19_0014_0018,"ORG0,5",ja
555,,19_0014,A5254,19_0014_0029,"ORG0,5",ja
556,,19_0014,A5282,19_0014_0021,"ORG0,5",ja
557,,19_0014,A5294,19_0014_0022,"ORG0,5",ja
558,,19_0014,A5307,19_0014_0024,"ORG0,5",ja
559,,19_0014,A5334,19_0014_0063,"ORG0,5",ja
560,,19_0014,A6041,19_0014_0034,"ORG0,5",ja
561,,19_0014,A6135,19_0014_0015,"ORG0,5",ja
562,,19_0014,A6146,19_0014_0033,"ORG0,5",ja
563,,19_0014,A6157,19_0014_0035,"ORG0,5",ja
564,,19_0014,A6178,19_0014_0017,"ORG0,5",ja
565,,19_0014,A6194,19_0014_0025,"ORG0,5",ja
566,,19_0014,A7199,19_0014_0032,"ORG0,5",ja
567,,19_0014,A7253,19_0014_0014,"ORG0,5",ja
568,,19_0014,A7263,19_0014_0030,"ORG0,5",ja
569,,19_0014,A7294,19_0014_0013,"ORG0,5",ja
570,,19_0014,A7306,19_0014_0036,"ORG0,5",ja
571,,19_0014,A785,19_0014_0043,"ORG0,5",ja
572,,19_0014,A8079,19_0014_0007,"ORG0,5",ja
573,,19_0014,A8103,19_0014_0009,"ORG0,5",ja
574,,19_0014,A8114,19_0014_0011,"ORG0,5",ja
575,,19_0014,A8142,19_0014_0026,"ORG0,5",ja
576,,19_0014,A8178,19_0014_0031,"ORG0,5",ja
577,,19_0014,A8189,19_0014_0012,"ORG0,5",ja
578,,19_0014,A8234,19_0014_0010,"ORG0,5",ja
579,,19_0014,A9000,19_0014_0027,"ORG0,5",ja
580,,19_0014,A9052,19_0014_0028,"ORG0,5",ja
581,,19_0014,A9075,19_0014_0003,"ORG0,5",ja
582,,19_0014,A9111,19_0014_0001,"ORG0,5",ja
583,,19_0014,A9126,19_0014_0004,"ORG0,5",ja
584,,19_0014,A9199,19_0014_0006,"ORG0,5",ja
585,,19_0014,A957,19_0014_0064,"ORG0,5",ja
586,,19_0014,A973,19_0014_0065,"ORG0,5",ja
587,,19_0014,A9847,19_0014_0002,"ORG0,5",ja
588,,22_0005,11200,22_0005_0001,"ORG0,5",ja
589,,22_0005,11201,22_0005_0002,"ORG0,5",teils
590,,22_0005,11221,22_0005_0003,"ORG0,5",teils
591,,22_0005,12026,22_0005_0004,"ORG0,5",teils
592,,22_0005,200125,22_0005_0012,"ORG0,5",teils
593,,22_0005,200149,22_0005_0013,"ORG0,5",ja
594,,22_0005,200177,22_0005_0009,"ORG0,5",teils
595,,22_0005,200473,22_0005_0005,"ORG0,5",ja
596,,22_0005,200475,22_0005_0006,"ORG0,5",ja
597,,22_0005,23362,22_0005_0010,"ORG0,5",ja
598,,22_0005,23434,22_0005_0007,"ORG0,5",ja
599,,22_0005,23491,22_0005_0008,"ORG0,5",ja
600,,22_0005,23988,22_0005_0011,"ORG0,5",ja
601,,22_0015,A2076,22_0015_0017,"ORG0,5",ja
602,,22_0015,A2154,22_0015_0020,"ORG0,5",ja
603,,22_0015,A2874 G2976,22_0015_0014,"ORG0,5",ja
604,,22_0015,A4796,22_0015_0013,"ORG0,5",ja
605,,22_0015,M153 St 1,22_0015_0006,"ORG0,5",ja
606,,22_0015,M153 St 2,22_0015_0007,"ORG0,5",ja
607,,22_0015,M160 St 1,22_0015_0001,"ORG0,5",ja
608,,22_0015,M167 St 1,22_0015_0002,"ORG0,5",ja
609,,22_0015,M167 St 2,22_0015_0003,"ORG0,5",ja
610,,22_0015,M167 St 3,22_0015_0004,"ORG0,5",ja
611,,22_0015,M167 St 4,22_0015_0005,"ORG0,5",ja
612,,22_0015,M32 Undre del,2022_0015_0009,"ORG0,5",ja
613,,22_0015,M32 Övre del,2022_0015_0008,"ORG0,5",ja
614,,22_0015,M99 A5085,2022_0015_0010,"ORG0,5",ja
615,,22_0015,M99 A5085,2022_0015_0012,"ORG0,5",ja
616,,DanaBunar2,31,17 depth 0.10-0.20,"ORG0,5",
617,,DanaBunar2,31,17a depth 0.00-0.20,"ORG0,5",
618,,DanaBunar2,32,51 depth 0.00-0.10,"ORG0,5",
619,,DanaBunar2,32,52 depth 0.10-0.20,"ORG0,5",
620,,DanaBunar2,32,53 depth 0.00-0.10,"ORG0,5",
621,,DanaBunar2,33,18 depth 0.20-0.30,"ORG0,5",
622,,DanaBunar2,33,19 depth 0.00-0.10,"ORG0,5",
623,,DanaBunar2,33,20 depth 0.10-0.30,"ORG0,5",
624,,DanaBunar2,33,21 depth 0.30-0.40,"ORG0,5",
625,,DanaBunar2,33,22 depth 0.20-0.30,"ORG0,5",
626,,DanaBunar2,37,39 depth 0.10-0.20,"ORG0,5",
627,,DanaBunar2,37,40 depth 0.20-0.30,"ORG0,5",
628,,DanaBunar2,37,41 depth 0.00-0.10,"ORG0,5",
629,,DanaBunar2,37,42 depth 0.00-0.10,"ORG0,5",
630,,DanaBunar2,38,1 depth 0.48-0.58,"ORG0,5",
631,,DanaBunar2,38,2 depth 0.35-0.45,"ORG0,5",
632,,DanaBunar2,38,3 depth 0.35-0.45,"ORG0,5",
633,,DanaBunar2,38,4 depth 0.00-0.10,"ORG0,5",
634,,DanaBunar2,38,5 depth 0.30-0.50,"ORG0,5",
635,,DanaBunar2,39,47 depth 0.00-0.10,"ORG0,5",
636,,DanaBunar2,39,48 depth 0.10-0.20,"ORG0,5",
637,,DanaBunar2,41,44 depth 0.00-0.10,"ORG0,5",
638,,DanaBunar2,41,46 depth 0.30-0.40,"ORG0,5",
639,,DanaBunar2,42,10 depth 0.10-0.20,"ORG0,5",
640,,DanaBunar2,42,6 depth 0.00-0.10,"ORG0,5",
641,,DanaBunar2,42,7 depth 0.00-0.10,"ORG0,5",
642,,DanaBunar2,42,8 depth 0.10-0.20,"ORG0,5",
643,,DanaBunar2,42,9 depth 0.10-0.20,"ORG0,5",
644,,DanaBunar2,44,87 depth 0.06-0.16,"ORG0,5",
645,,DanaBunar2,44,88 depth 0.20-0.30,"ORG0,5",
646,,DanaBunar2,44,89 depth 0.30-0.40,"ORG0,5",
647,,DanaBunar2,44,90 depth 0.16-0.26,"ORG0,5",
648,,DanaBunar2,44,91 depth 0.10-0.20,"ORG0,5",
649,,DanaBunar2,44,92 depth 0.00-0.10,"ORG0,5",
650,,DanaBunar2,44,93 depth 0.30-0.40,"ORG0,5",
651,,DanaBunar2,46,30 depth 0.60-0.70,"ORG0,5",
652,,DanaBunar2,46,31 depth 0.50-0.60,"ORG0,5",
653,,DanaBunar2,46,32 depth 0.60-0.70,"ORG0,5",
654,,DanaBunar2,46,33 depth 0.30-0.40,"ORG0,5",
655,,DanaBunar2,46,34 depth 0.40-0.50,"ORG0,5",
656,,DanaBunar2,46,35 depth 0.30-0.40,"ORG0,5",
657,,DanaBunar2,47,49 depth 0.10-0.20,"ORG0,5",
658,,DanaBunar2,47,50 depth 0.10-0.20,"ORG0,5",
659,,DanaBunar2,55,54 depth 1.00-1.10,"ORG0,5",
660,,DanaBunar2,55,55 depth 1.00-1.10,"ORG0,5",
661,,DanaBunar2,58,23 depth 0.10-0.20,"ORG0,5",
662,,DanaBunar2,58,24 depth 0.30-0.40,"ORG0,5",
663,,DanaBunar2,58,25 depth 0.00-0.10,"ORG0,5",
664,,DanaBunar2,58,26 depth 0.10-0.20,"ORG0,5",
665,,DanaBunar2,58,27 depth 0.30-0.40,"ORG0,5",
666,,DanaBunar2,58,28 depth 0.20-0.30,"ORG0,5",
667,,DanaBunar2,64,11 depth 0.10-0.20,"ORG0,5",
668,,DanaBunar2,64,12 depth 0.36-0.46,"ORG0,5",
669,,DanaBunar2,64,13 depth 0.26-0.36,"ORG0,5",
670,,DanaBunar2,64,16 depth 0.48-0.58,"ORG0,5",
671,,Iswid,2709_fond,Isw 2013/32,"ORG0,5",
672,,Iswid,2905 fond,Isw 2013/26,"ORG0,5",
673,,Iswid,2913 fond,Isw 2013/33,"ORG0,5",
674,,Iswid,foyer 2174,Isw 2013/15,"ORG0,5",
675,,Iswid,US 10503,Isw 2013/8,"ORG0,5",
676,,Iswid,US 10521,Isw 2013/20,"ORG0,5",
677,,Iswid,US 10534,Isw 2013/21,"ORG0,5",
678,,Iswid,US 10610,Isw 2013/25,"ORG0,5",
679,,Iswid,US 11004,Isw 2013/22,"ORG0,5",
680,,Iswid,US 11012,Isw 2013/27,"ORG0,5",
681,,Iswid,US 11067,Isw 2013/28,"ORG0,5",
682,,Iswid,US 12025,Isw 2013/25,"ORG0,5",
683,,Iswid,US 12040,Isw 2013/29,"ORG0,5",
684,,Iswid,US 12047,Isw 2013/30,"ORG0,5",
685,,Iswid,US 12504,Isw 2013/31,"ORG0,5",
686,,Iswid,US 13017,Isw 2015/18,"ORG0,5",
687,,Iswid,US 13017,Isw 2016/41,"ORG0,5",
688,,Iswid,US 13065,Isw 2015/25,"ORG0,5",
689,,Iswid,US 13066,Isw 2015/4,"ORG0,5",
690,,Iswid,US 13083,Isw 2015/22,"ORG0,5",
691,,Iswid,US 13099,Isw 2015/9,"ORG0,5",
692,,Iswid,US 13145,Isw 2015/21,"ORG0,5",
693,,Iswid,US 13516,Isw 2015/8,"ORG0,5",
694,,Iswid,US 13526,Isw 2015/2,"ORG0,5",
695,,Iswid,US 13572,Isw 2015/12,"ORG0,5",
696,,Iswid,US 13610,Isw 2015/11,"ORG0,5",
697,,Iswid,US 13632,Isw 2016/15,"ORG0,5",
698,,Iswid,US 13639,Isw2015/26,"ORG0,5",
699,,Iswid,US 13657,Isw 2015/17,"ORG0,5",
700,,Iswid,US 13705,Isw 2015/10,"ORG0,5",
701,,Iswid,US 13791,Isw 2015/5,"ORG0,5",
702,,Iswid,US 13791 (3),Isw 2015/7,"ORG0,5",
703,,Iswid,US 13802,Isw 2015/20,"ORG0,5",
704,,Iswid,US 13971,Isw 2015/7,"ORG0,5",
705,,Iswid,US 14021,Isw 2015/1,"ORG0,5",
706,,Iswid,US 14038,Isw 2015/3,"ORG0,5",
707,,Iswid,US 14050,Isw 2015/24,"ORG0,5",
708,,Iswid,US 14078,Isw 2916/23,"ORG0,5",
709,,Iswid,US 14131,Isw 2015/13,"ORG0,5",
710,,Iswid,US 14131,Isw 2016/12,"ORG0,5",
711,,Iswid,US 14158,Isw 2015/14,"ORG0,5",
712,,Iswid,US 14418,Isw 2016/34,"ORG0,5",
713,,Iswid,US 14495,Isw 16/37,"ORG0,5",
714,,Iswid,US 14509,16-Jan,"ORG0,5",
715,,Iswid,US 14636,Isw 16/35,"ORG0,5",
716,,Iswid,US 15067,Isw 2017/7,"ORG0,5",
717,,Iswid,US 15071,Isw 17/4,"ORG0,5",
718,,Iswid,US 15108,Isw 17/1,"ORG0,5",
719,,Iswid,US 15140,Isw17/26,"ORG0,5",
720,,Iswid,US 16183,Isw 2017/8,"ORG0,5",
721,,Iswid,US 16287_F4185 (TR.),Isw 17/23,"ORG0,5",
722,,Iswid,US 16323_F4199(foye,Isw 17/29,"ORG0,5",
723,,Iswid,US 6712,Isw 2013/13,"ORG0,5",
724,,Iswid,US 6773,Isw 2013/7,"ORG0,5",
725,,Iswid,US 6803,Isw 2013/10,"ORG0,5",
726,,Iswid,US 6810,Isw 2013/5,"ORG0,5",
727,,Iswid,US 6827,Isw 2013/2,"ORG0,5",
728,,Iswid,US 6854,Isw 2013/4,"ORG0,5",
729,,Iswid,US 6863,Isw 2013/12,"ORG0,5",
730,,Iswid,US 6875,Isw 2013/14,"ORG0,5",
731,,Iswid,US 9036,Isw 2013/3,"ORG0,5",
732,,Iswid,US 9200,Isw 2013/1,"ORG0,5",
733,,Iswid,US 9321,Isw 2013/6,"ORG0,5",
734,,Iswid,US 9404_foyer 2093,Isw 2013/17,"ORG0,5",
735,,Iswid,US 9519,Isw 2013/11,"ORG0,5",
736,,Iswid,US 9859/9860,Isw 2013/16,"ORG0,5",
737,,Iswid,US 9870_foyer2163,1,"ORG0,5",
738,,Iswid,US 9880_foyer 2166,Isw 2013/19,"ORG0,5",
739,,18_0025,P16,18_0025_0003,"ORG0,25",nein
740,,18_0025,P18,18_0025_0004,"ORG0,25",nein
741,,18_0025,P20,18_0025_0005,"ORG0,25",nein
742,,18_0025,P5,18_0025_0001,"ORG0,25",nein
743,,18_0025,P6,18_0025_0002,"ORG0,25",nein
744,,19_0013,A11148,19_0013_0013,"ORG0,25",nein
745,,19_0013,A11148,19_0013_0014,"ORG0,25",nein
746,,19_0013,A11148,19_0013_0015,"ORG0,25",nein
747,,19_0013,A11148,19_0013_0020,"ORG0,25",nein
748,,19_0013,A479,19_0013_0010,"ORG0,25",nein
749,,19_0013,A479,19_0013_0011,"ORG0,25",nein
750,,19_0013,A479,19_0013_0012,"ORG0,25",nein
751,,19_0013,A479,19_0013_0019,"ORG0,25",nein
752,,19_0013,A6214,19_0013_0007,"ORG0,25",nein
753,,19_0013,A6214,19_0013_0008,"ORG0,25",nein
754,,19_0013,A6214,19_0013_0009,"ORG0,25",nein
755,,19_0013,A6214,19_0013_0018,"ORG0,25",nein
756,,19_0013,A8090,19_0013_0004,"ORG0,25",nein
757,,19_0013,A8090,19_0013_0005,"ORG0,25",nein
758,,19_0013,A8090,19_0013_0006,"ORG0,25",nein
759,,19_0013,A8090,19_0013_0017,"ORG0,25",nein
760,,19_0013,A9063,19_0013_0001,"ORG0,25",nein
761,,19_0013,A9063,19_0013_0002,"ORG0,25",nein
762,,19_0013,A9063,19_0013_0003,"ORG0,25",nein
763,,19_0013,A9063,19_0013_0016,"ORG0,25",nein
764,,19_0014,A10143,19_0014_0040,"ORG0,25",nein
765,,19_0014,A10153,19_0014_0037,"ORG0,25",nein
766,,19_0014,A10189,19_0014_0042,"ORG0,25",nein
767,,19_0014,A10229,19_0014_0039,"ORG0,25",nein
768,,19_0014,A10697,19_0014_0067,"ORG0,25",nein
769,,19_0014,A10990,19_0014_0055,"ORG0,25",nein
770,,19_0014,A11339,19_0014_0068,"ORG0,25",nein
771,,19_0014,A1196,19_0014_0044,"ORG0,25",nein
772,,19_0014,A12024,19_0014_0056,"ORG0,25",nein
773,,19_0014,A12024,19_0014_0057,"ORG0,25",nein
774,,19_0014,A12034,19_0014_0058,"ORG0,25",nein
775,,19_0014,A12435,19_0014_0069,"ORG0,25",nein
776,,19_0014,A13064,19_0014_0071,"ORG0,25",nein
777,,19_0014,A13200,19_0014_0041,"ORG0,25",nein
778,,19_0014,A13299,19_0014_0072,"ORG0,25",nein
779,,19_0014,A13837,19_0014_0060,"ORG0,25",nein
780,,19_0014,A15333,19_0014_0061,"ORG0,25",nein
781,,19_0014,A15344,19_0014_0074,"ORG0,25",nein
782,,19_0014,A15554,19_0014_0075,"ORG0,25",nein
783,,19_0014,A15736,19_0014_0059,"ORG0,25",nein
784,,19_0014,A16771,19_0014_0008,"ORG0,25",nein
785,,19_0014,A16783,19_0014_0005,"ORG0,25",nein
786,,19_0014,A17294,19_0014_0016,"ORG0,25",nein
787,,19_0014,A1875,19_0014_0046,"ORG0,25",nein
788,,19_0014,A1931,19_0014_0047,"ORG0,25",nein
789,,19_0014,A1998,19_0014_0048,"ORG0,25",nein
790,,19_0014,A2019,19_0014_0049,"ORG0,25",nein
791,,19_0014,A2029,19_0014_0050,"ORG0,25",nein
792,,19_0014,A2114,19_0014_0051,"ORG0,25",nein
793,,19_0014,A3019,19_0014_0052,"ORG0,25",nein
794,,19_0014,A3170,19_0014_0066,"ORG0,25",nein
795,,19_0014,A3650,19_0014_0053,"ORG0,25",nein
796,,19_0014,A4115,19_0014_0023,"ORG0,25",nein
797,,19_0014,A4365,19_0014_0054,"ORG0,25",nein
798,,19_0014,A5192,19_0014_0020,"ORG0,25",nein
799,,19_0014,A5213,19_0014_0019,"ORG0,25",nein
800,,19_0014,A5223,19_0014_0018,"ORG0,25",nein
801,,19_0014,A5254,19_0014_0029,"ORG0,25",nein
802,,19_0014,A5282,19_0014_0021,"ORG0,25",nein
803,,19_0014,A5294,19_0014_0022,"ORG0,25",nein
804,,19_0014,A5307,19_0014_0024,"ORG0,25",nein
805,,19_0014,A5334,19_0014_0063,"ORG0,25",nein
806,,19_0014,A6041,19_0014_0034,"ORG0,25",nein
807,,19_0014,A6135,19_0014_0015,"ORG0,25",nein
808,,19_0014,A6146,19_0014_0033,"ORG0,25",nein
809,,19_0014,A6157,19_0014_0035,"ORG0,25",nein
810,,19_0014,A6178,19_0014_0017,"ORG0,25",nein
811,,19_0014,A6194,19_0014_0025,"ORG0,25",nein
812,,19_0014,A7199,19_0014_0032,"ORG0,25",nein
813,,19_0014,A7253,19_0014_0014,"ORG0,25",nein
814,,19_0014,A7263,19_0014_0030,"ORG0,25",nein
815,,19_0014,A7294,19_0014_0013,"ORG0,25",nein
816,,19_0014,A7306,19_0014_0036,"ORG0,25",nein
817,,19_0014,A785,19_0014_0043,"ORG0,25",nein
818,,19_0014,A8079,19_0014_0007,"ORG0,25",nein
819,,19_0014,A8103,19_0014_0009,"ORG0,25",nein
820,,19_0014,A8114,19_0014_0011,"ORG0,25",nein
821,,19_0014,A8142,19_0014_0026,"ORG0,25",nein
822,,19_0014,A8178,19_0014_0031,"ORG0,25",nein
823,,19_0014,A8189,19_0014_0012,"ORG0,25",nein
824,,19_0014,A8234,19_0014_0010,"ORG0,25",nein
825,,19_0014,A9000,19_0014_0027,"ORG0,25",nein
826,,19_0014,A9052,19_0014_0028,"ORG0,25",nein
827,,19_0014,A9075,19_0014_0003,"ORG0,25",nein
828,,19_0014,A9111,19_0014_0001,"ORG0,25",nein
829,,19_0014,A9126,19_0014_0004,"ORG0,25",nein
830,,19_0014,A9199,19_0014_0006,"ORG0,25",nein
831,,19_0014,A957,19_0014_0064,"ORG0,25",nein
832,,19_0014,A973,19_0014_0065,"ORG0,25",nein
833,,19_0014,A9847,19_0014_0002,"ORG0,25",nein
834,,22_0005,11200,22_0005_0001,"ORG0,25",nein
835,,22_0005,11201,22_0005_0002,"ORG0,25",nein
836,,22_0005,11221,22_0005_0003,"ORG0,25",nein
837,,22_0005,12026,22_0005_0004,"ORG0,25",nein
838,,22_0005,200125,22_0005_0012,"ORG0,25",nein
839,,22_0005,200149,22_0005_0013,"ORG0,25",nein
840,,22_0005,200177,22_0005_0009,"ORG0,25",nein
841,,22_0005,200473,22_0005_0005,"ORG0,25",nein
842,,22_0005,200475,22_0005_0006,"ORG0,25",nein
843,,22_0005,23362,22_0005_0010,"ORG0,25",nein
844,,22_0005,23434,22_0005_0007,"ORG0,25",nein
845,,22_0005,23491,22_0005_0008,"ORG0,25",nein
846,,22_0005,23988,22_0005_0011,"ORG0,25",nein
847,,22_0015,A2076,22_0015_0017,"ORG0,25",
848,,22_0015,A2154,22_0015_0020,"ORG0,25",
849,,22_0015,A2874 G2976,22_0015_0014,"ORG0,25",
850,,22_0015,A4796,22_0015_0013,"ORG0,25",
851,,22_0015,M153 St 1,22_0015_0006,"ORG0,25",
852,,22_0015,M153 St 2,22_0015_0007,"ORG0,25",
853,,22_0015,M160 St 1,22_0015_0001,"ORG0,25",
854,,22_0015,M167 St 1,22_0015_0002,"ORG0,25",
855,,22_0015,M167 St 2,22_0015_0003,"ORG0,25",
856,,22_0015,M167 St 3,22_0015_0004,"ORG0,25",
857,,22_0015,M167 St 4,22_0015_0005,"ORG0,25",
858,,22_0015,M32 Undre del,2022_0015_0009,"ORG0,25",
859,,22_0015,M32 Övre del,2022_0015_0008,"ORG0,25",
860,,22_0015,M99 A5085,2022_0015_0010,"ORG0,25",
861,,22_0015,M99 A5085,2022_0015_0012,"ORG0,25",
862,,DanaBunar2,31,17 depth 0.10-0.20,"ORG0,25",nein
863,,DanaBunar2,31,17a depth 0.00-0.20,"ORG0,25",nein
864,,DanaBunar2,32,51 depth 0.00-0.10,"ORG0,25",nein
865,,DanaBunar2,32,52 depth 0.10-0.20,"ORG0,25",nein
866,,DanaBunar2,32,53 depth 0.00-0.10,"ORG0,25",nein
867,,DanaBunar2,33,18 depth 0.20-0.30,"ORG0,25",nein
868,,DanaBunar2,33,19 depth 0.00-0.10,"ORG0,25",nein
869,,DanaBunar2,33,20 depth 0.10-0.30,"ORG0,25",nein
870,,DanaBunar2,33,21 depth 0.30-0.40,"ORG0,25",nein
871,,DanaBunar2,33,22 depth 0.20-0.30,"ORG0,25",nein
872,,DanaBunar2,37,39 depth 0.10-0.20,"ORG0,25",nein
873,,DanaBunar2,37,40 depth 0.20-0.30,"ORG0,25",nein
874,,DanaBunar2,37,41 depth 0.00-0.10,"ORG0,25",nein
875,,DanaBunar2,37,42 depth 0.00-0.10,"ORG0,25",nein
876,,DanaBunar2,38,1 depth 0.48-0.58,"ORG0,25",nein
877,,DanaBunar2,38,2 depth 0.35-0.45,"ORG0,25",nein
878,,DanaBunar2,38,3 depth 0.35-0.45,"ORG0,25",nein
879,,DanaBunar2,38,4 depth 0.00-0.10,"ORG0,25",nein
880,,DanaBunar2,38,5 depth 0.30-0.50,"ORG0,25",nein
881,,DanaBunar2,39,47 depth 0.00-0.10,"ORG0,25",nein
882,,DanaBunar2,39,48 depth 0.10-0.20,"ORG0,25",nein
883,,DanaBunar2,41,44 depth 0.00-0.10,"ORG0,25",nein
884,,DanaBunar2,41,46 depth 0.30-0.40,"ORG0,25",nein
885,,DanaBunar2,42,10 depth 0.10-0.20,"ORG0,25",nein
886,,DanaBunar2,42,6 depth 0.00-0.10,"ORG0,25",nein
887,,DanaBunar2,42,7 depth 0.00-0.10,"ORG0,25",nein
888,,DanaBunar2,42,8 depth 0.10-0.20,"ORG0,25",nein
889,,DanaBunar2,42,9 depth 0.10-0.20,"ORG0,25",nein
890,,DanaBunar2,44,87 depth 0.06-0.16,"ORG0,25",nein
891,,DanaBunar2,44,88 depth 0.20-0.30,"ORG0,25",nein
892,,DanaBunar2,44,89 depth 0.30-0.40,"ORG0,25",nein
893,,DanaBunar2,44,90 depth 0.16-0.26,"ORG0,25",nein
894,,DanaBunar2,44,91 depth 0.10-0.20,"ORG0,25",nein
895,,DanaBunar2,44,92 depth 0.00-0.10,"ORG0,25",nein
896,,DanaBunar2,44,93 depth 0.30-0.40,"ORG0,25",nein
897,,DanaBunar2,46,30 depth 0.60-0.70,"ORG0,25",nein
898,,DanaBunar2,46,31 depth 0.50-0.60,"ORG0,25",nein
899,,DanaBunar2,46,32 depth 0.60-0.70,"ORG0,25",nein
900,,DanaBunar2,46,33 depth 0.30-0.40,"ORG0,25",nein
901,,DanaBunar2,46,34 depth 0.40-0.50,"ORG0,25",nein
902,,DanaBunar2,46,35 depth 0.30-0.40,"ORG0,25",nein
903,,DanaBunar2,47,49 depth 0.10-0.20,"ORG0,25",nein
904,,DanaBunar2,47,50 depth 0.10-0.20,"ORG0,25",nein
905,,DanaBunar2,55,54 depth 1.00-1.10,"ORG0,25",nein
906,,DanaBunar2,55,55 depth 1.00-1.10,"ORG0,25",nein
907,,DanaBunar2,58,23 depth 0.10-0.20,"ORG0,25",nein
908,,DanaBunar2,58,24 depth 0.30-0.40,"ORG0,25",nein
909,,DanaBunar2,58,25 depth 0.00-0.10,"ORG0,25",nein
910,,DanaBunar2,58,26 depth 0.10-0.20,"ORG0,25",nein
911,,DanaBunar2,58,27 depth 0.30-0.40,"ORG0,25",nein
912,,DanaBunar2,58,28 depth 0.20-0.30,"ORG0,25",nein
913,,DanaBunar2,64,11 depth 0.10-0.20,"ORG0,25",nein
914,,DanaBunar2,64,12 depth 0.36-0.46,"ORG0,25",nein
915,,DanaBunar2,64,13 depth 0.26-0.36,"ORG0,25",nein
916,,DanaBunar2,64,16 depth 0.48-0.58,"ORG0,25",nein
917,,Iswid,2709_fond,Isw 2013/32,"ORG0,25",
918,,Iswid,2905 fond,Isw 2013/26,"ORG0,25",
919,,Iswid,2913 fond,Isw 2013/33,"ORG0,25",
920,,Iswid,foyer 2174,Isw 2013/15,"ORG0,25",
921,,Iswid,US 10503,Isw 2013/8,"ORG0,25",
922,,Iswid,US 10521,Isw 2013/20,"ORG0,25",
923,,Iswid,US 10534,Isw 2013/21,"ORG0,25",
924,,Iswid,US 10610,Isw 2013/25,"ORG0,25",
925,,Iswid,US 11004,Isw 2013/22,"ORG0,25",
926,,Iswid,US 11012,Isw 2013/27,"ORG0,25",
927,,Iswid,US 11067,Isw 2013/28,"ORG0,25",
928,,Iswid,US 12025,Isw 2013/25,"ORG0,25",
929,,Iswid,US 12040,Isw 2013/29,"ORG0,25",
930,,Iswid,US 12047,Isw 2013/30,"ORG0,25",
931,,Iswid,US 12504,Isw 2013/31,"ORG0,25",
932,,Iswid,US 13017,Isw 2015/18,"ORG0,25",
933,,Iswid,US 13017,Isw 2016/41,"ORG0,25",
934,,Iswid,US 13065,Isw 2015/25,"ORG0,25",
935,,Iswid,US 13066,Isw 2015/4,"ORG0,25",
936,,Iswid,US 13083,Isw 2015/22,"ORG0,25",
937,,Iswid,US 13099,Isw 2015/9,"ORG0,25",
938,,Iswid,US 13145,Isw 2015/21,"ORG0,25",
939,,Iswid,US 13516,Isw 2015/8,"ORG0,25",
940,,Iswid,US 13526,Isw 2015/2,"ORG0,25",
941,,Iswid,US 13572,Isw 2015/12,"ORG0,25",
942,,Iswid,US 13610,Isw 2015/11,"ORG0,25",
943,,Iswid,US 13632,Isw 2016/15,"ORG0,25",
944,,Iswid,US 13639,Isw2015/26,"ORG0,25",
945,,Iswid,US 13657,Isw 2015/17,"ORG0,25",
946,,Iswid,US 13705,Isw 2015/10,"ORG0,25",
947,,Iswid,US 13791,Isw 2015/5,"ORG0,25",
948,,Iswid,US 13791 (3),Isw 2015/7,"ORG0,25",
949,,Iswid,US 13802,Isw 2015/20,"ORG0,25",
950,,Iswid,US 13971,Isw 2015/7,"ORG0,25",
951,,Iswid,US 14021,Isw 2015/1,"ORG0,25",
952,,Iswid,US 14038,Isw 2015/3,"ORG0,25",
953,,Iswid,US 14050,Isw 2015/24,"ORG0,25",
954,,Iswid,US 14078,Isw 2916/23,"ORG0,25",
955,,Iswid,US 14131,Isw 2015/13,"ORG0,25",
956,,Iswid,US 14131,Isw 2016/12,"ORG0,25",
957,,Iswid,US 14158,Isw 2015/14,"ORG0,25",
958,,Iswid,US 14418,Isw 2016/34,"ORG0,25",
959,,Iswid,US 14495,Isw 16/37,"ORG0,25",
960,,Iswid,US 14509,16-Jan,"ORG0,25",
961,,Iswid,US 14636,Isw 16/35,"ORG0,25",
962,,Iswid,US 15067,Isw 2017/7,"ORG0,25",
963,,Iswid,US 15071,Isw 17/4,"ORG0,25",
964,,Iswid,US 15108,Isw 17/1,"ORG0,25",
965,,Iswid,US 15140,Isw17/26,"ORG0,25",
966,,Iswid,US 16183,Isw 2017/8,"ORG0,25",
967,,Iswid,US 16287_F4185 (TR.),Isw 17/23,"ORG0,25",
968,,Iswid,US 16323_F4199(foye,Isw 17/29,"ORG0,25",
969,,Iswid,US 6712,Isw 2013/13,"ORG0,25",
970,,Iswid,US 6773,Isw 2013/7,"ORG0,25",
971,,Iswid,US 6803,Isw 2013/10,"ORG0,25",
972,,Iswid,US 6810,Isw 2013/5,"ORG0,25",
973,,Iswid,US 6827,Isw 2013/2,"ORG0,25",
974,,Iswid,US 6854,Isw 2013/4,"ORG0,25",
975,,Iswid,US 6863,Isw 2013/12,"ORG0,25",
976,,Iswid,US 6875,Isw 2013/14,"ORG0,25",
977,,Iswid,US 9036,Isw 2013/3,"ORG0,25",
978,,Iswid,US 9200,Isw 2013/1,"ORG0,25",
979,,Iswid,US 9321,Isw 2013/6,"ORG0,25",
980,,Iswid,US 9404_foyer 2093,Isw 2013/17,"ORG0,25",
981,,Iswid,US 9519,Isw 2013/11,"ORG0,25",
982,,Iswid,US 9859/9860,Isw 2013/16,"ORG0,25",
983,,Iswid,US 9870_foyer2163,1,"ORG0,25",
984,,Iswid,US 9880_foyer 2166,Isw 2013/19,"ORG0,25",
985,,18_0025,P16,18_0025_0003,"MIN2,0",
986,,18_0025,P18,18_0025_0004,"MIN2,0",
987,,18_0025,P20,18_0025_0005,"MIN2,0",
988,,18_0025,P5,18_0025_0001,"MIN2,0",
989,,18_0025,P6,18_0025_0002,"MIN2,0",
990,,19_0013,A11148,19_0013_0013,"MIN2,0",
991,,19_0013,A11148,19_0013_0014,"MIN2,0",
992,,19_0013,A11148,19_0013_0015,"MIN2,0",
993,,19_0013,A11148,19_0013_0020,"MIN2,0",
994,,19_0013,A479,19_0013_0010,"MIN2,0",
995,,19_0013,A479,19_0013_0011,"MIN2,0",
996,,19_0013,A479,19_0013_0012,"MIN2,0",
997,,19_0013,A479,19_0013_0019,"MIN2,0",
998,,19_0013,A6214,19_0013_0007,"MIN2,0",
999,,19_0013,A6214,19_0013_0008,"MIN2,0",
1000,,19_0013,A6214,19_0013_0009,"MIN2,0",
1001,,19_0013,A6214,19_0013_0018,"MIN2,0",
1002,,19_0013,A8090,19_0013_0004,"MIN2,0",
1003,,19_0013,A8090,19_0013_0005,"MIN2,0",
1004,,19_0013,A8090,19_0013_0006,"MIN2,0",
1005,,19_0013,A8090,19_0013_0017,"MIN2,0",
1006,,19_0013,A9063,19_0013_0001,"MIN2,0",
1007,,19_0013,A9063,19_0013_0002,"MIN2,0",
1008,,19_0013,A9063,19_0013_0003,"MIN2,0",
1009,,19_0013,A9063,19_0013_0016,"MIN2,0",
1010,,19_0014,A10143,19_0014_0040,"MIN2,0",
1011,,19_0014,A10153,19_0014_0037,"MIN2,0",
1012,,19_0014,A10189,19_0014_0042,"MIN2,0",
1013,,19_0014,A10229,19_0014_0039,"MIN2,0",
1014,,19_0014,A10697,19_0014_0067,"MIN2,0",
1015,,19_0014,A10990,19_0014_0055,"MIN2,0",
1016,,19_0014,A11339,19_0014_0068,"MIN2,0",
1017,,19_0014,A1196,19_0014_0044,"MIN2,0",
1018,,19_0014,A12024,19_0014_0056,"MIN2,0",
1019,,19_0014,A12024,19_0014_0057,"MIN2,0",
1020,,19_0014,A12034,19_0014_0058,"MIN2,0",
1021,,19_0014,A12435,19_0014_0069,"MIN2,0",
1022,,19_0014,A13064,19_0014_0071,"MIN2,0",
1023,,19_0014,A13200,19_0014_0041,"MIN2,0",
1024,,19_0014,A13299,19_0014_0072,"MIN2,0",
1025,,19_0014,A13837,19_0014_0060,"MIN2,0",
1026,,19_0014,A15333,19_0014_0061,"MIN2,0",
1027,,19_0014,A15344,19_0014_0074,"MIN2,0",
1028,,19_0014,A15554,19_0014_0075,"MIN2,0",
1029,,19_0014,A15736,19_0014_0059,"MIN2,0",
1030,,19_0014,A16771,19_0014_0008,"MIN2,0",
1031,,19_0014,A16783,19_0014_0005,"MIN2,0",
1032,,19_0014,A17294,19_0014_0016,"MIN2,0",
1033,,19_0014,A1875,19_0014_0046,"MIN2,0",
1034,,19_0014,A1931,19_0014_0047,"MIN2,0",
1035,,19_0014,A1998,19_0014_0048,"MIN2,0",
1036,,19_0014,A2019,19_0014_0049,"MIN2,0",
1037,,19_0014,A2029,19_0014_0050,"MIN2,0",
1038,,19_0014,A2114,19_0014_0051,"MIN2,0",
1039,,19_0014,A3019,19_0014_0052,"MIN2,0",
1040,,19_0014,A3170,19_0014_0066,"MIN2,0",
1041,,19_0014,A3650,19_0014_0053,"MIN2,0",
1042,,19_0014,A4115,19_0014_0023,"MIN2,0",
1043,,19_0014,A4365,19_0014_0054,"MIN2,0",
1044,,19_0014,A5192,19_0014_0020,"MIN2,0",
1045,,19_0014,A5213,19_0014_0019,"MIN2,0",
1046,,19_0014,A5223,19_0014_0018,"MIN2,0",
1047,,19_0014,A5254,19_0014_0029,"MIN2,0",
1048,,19_0014,A5282,19_0014_0021,"MIN2,0",
1049,,19_0014,A5294,19_0014_0022,"MIN2,0",
1050,,19_0014,A5307,19_0014_0024,"MIN2,0",
1051,,19_0014,A5334,19_0014_0063,"MIN2,0",
1052,,19_0014,A6041,19_0014_0034,"MIN2,0",
1053,,19_0014,A6135,19_0014_0015,"MIN2,0",
1054,,19_0014,A6146,19_0014_0033,"MIN2,0",
1055,,19_0014,A6157,19_0014_0035,"MIN2,0",
1056,,19_0014,A6178,19_0014_0017,"MIN2,0",
1057,,19_0014,A6194,19_0014_0025,"MIN2,0",
1058,,19_0014,A7199,19_0014_0032,"MIN2,0",
1059,,19_0014,A7253,19_0014_0014,"MIN2,0",
1060,,19_0014,A7263,19_0014_0030,"MIN2,0",
1061,,19_0014,A7294,19_0014_0013,"MIN2,0",
1062,,19_0014,A7306,19_0014_0036,"MIN2,0",
1063,,19_0014,A785,19_0014_0043,"MIN2,0",
1064,,19_0014,A8079,19_0014_0007,"MIN2,0",
1065,,19_0014,A8103,19_0014_0009,"MIN2,0",
1066,,19_0014,A8114,19_0014_0011,"MIN2,0",
1067,,19_0014,A8142,19_0014_0026,"MIN2,0",
1068,,19_0014,A8178,19_0014_0031,"MIN2,0",
1069,,19_0014,A8189,19_0014_0012,"MIN2,0",
1070,,19_0014,A8234,19_0014_0010,"MIN2,0",
1071,,19_0014,A9000,19_0014_0027,"MIN2,0",
1072,,19_0014,A9052,19_0014_0028,"MIN2,0",
1073,,19_0014,A9075,19_0014_0003,"MIN2,0",
1074,,19_0014,A9111,19_0014_0001,"MIN2,0",
1075,,19_0014,A9126,19_0014_0004,"MIN2,0",
1076,,19_0014,A9199,19_0014_0006,"MIN2,0",
1077,,19_0014,A957,19_0014_0064,"MIN2,0",
1078,,19_0014,A973,19_0014_0065,"MIN2,0",
1079,,19_0014,A9847,19_0014_0002,"MIN2,0",
1080,,22_0005,11200,22_0005_0001,"MIN2,0",
1081,,22_0005,11201,22_0005_0002,"MIN2,0",
1082,,22_0005,11221,22_0005_0003,"MIN2,0",
1083,,22_0005,12026,22_0005_0004,"MIN2,0",
1084,,22_0005,200125,22_0005_0012,"MIN2,0",
1085,,22_0005,200149,22_0005_0013,"MIN2,0",
1086,,22_0005,200177,22_0005_0009,"MIN2,0",
1087,,22_0005,200473,22_0005_0005,"MIN2,0",
1088,,22_0005,200475,22_0005_0006,"MIN2,0",
1089,,22_0005,23362,22_0005_0010,"MIN2,0",
1090,,22_0005,23434,22_0005_0007,"MIN2,0",
1091,,22_0005,23491,22_0005_0008,"MIN2,0",
1092,,22_0005,23988,22_0005_0011,"MIN2,0",
1093,,22_0015,A2076,22_0015_0017,"MIN2,0",
1094,,22_0015,A2154,22_0015_0020,"MIN2,0",
1095,,22_0015,A2874 G2976,22_0015_0014,"MIN2,0",
1096,,22_0015,A4796,22_0015_0013,"MIN2,0",
1097,,22_0015,M153 St 1,22_0015_0006,"MIN2,0",
1098,,22_0015,M153 St 2,22_0015_0007,"MIN2,0",
1099,,22_0015,M160 St 1,22_0015_0001,"MIN2,0",
1100,,22_0015,M167 St 1,22_0015_0002,"MIN2,0",
1101,,22_0015,M167 St 2,22_0015_0003,"MIN2,0",
1102,,22_0015,M167 St 3,22_0015_0004,"MIN2,0",
1103,,22_0015,M167 St 4,22_0015_0005,"MIN2,0",
1104,,22_0015,M32 Undre del,2022_0015_0009,"MIN2,0",
1105,,22_0015,M32 Övre del,2022_0015_0008,"MIN2,0",
1106,,22_0015,M99 A5085,2022_0015_0010,"MIN2,0",
1107,,22_0015,M99 A5085,2022_0015_0012,"MIN2,0",
1108,,DanaBunar2,31,17 depth 0.10-0.20,"MIN2,0",
1109,,DanaBunar2,31,17a depth 0.00-0.20,"MIN2,0",
1110,,DanaBunar2,32,51 depth 0.00-0.10,"MIN2,0",
1111,,DanaBunar2,32,52 depth 0.10-0.20,"MIN2,0",
1112,,DanaBunar2,32,53 depth 0.00-0.10,"MIN2,0",
1113,,DanaBunar2,33,18 depth 0.20-0.30,"MIN2,0",
1114,,DanaBunar2,33,19 depth 0.00-0.10,"MIN2,0",
1115,,DanaBunar2,33,20 depth 0.10-0.30,"MIN2,0",
1116,,DanaBunar2,33,21 depth 0.30-0.40,"MIN2,0",
1117,,DanaBunar2,33,22 depth 0.20-0.30,"MIN2,0",
1118,,DanaBunar2,37,39 depth 0.10-0.20,"MIN2,0",
1119,,DanaBunar2,37,40 depth 0.20-0.30,"MIN2,0",
1120,,DanaBunar2,37,41 depth 0.00-0.10,"MIN2,0",
1121,,DanaBunar2,37,42 depth 0.00-0.10,"MIN2,0",
1122,,DanaBunar2,38,1 depth 0.48-0.58,"MIN2,0",
1123,,DanaBunar2,38,2 depth 0.35-0.45,"MIN2,0",
1124,,DanaBunar2,38,3 depth 0.35-0.45,"MIN2,0",
1125,,DanaBunar2,38,4 depth 0.00-0.10,"MIN2,0",
1126,,DanaBunar2,38,5 depth 0.30-0.50,"MIN2,0",
1127,,DanaBunar2,39,47 depth 0.00-0.10,"MIN2,0",
1128,,DanaBunar2,39,48 depth 0.10-0.20,"MIN2,0",
1129,,DanaBunar2,41,44 depth 0.00-0.10,"MIN2,0",
1130,,DanaBunar2,41,46 depth 0.30-0.40,"MIN2,0",
1131,,DanaBunar2,42,10 depth 0.10-0.20,"MIN2,0",
1132,,DanaBunar2,42,6 depth 0.00-0.10,"MIN2,0",
1133,,DanaBunar2,42,7 depth 0.00-0.10,"MIN2,0",
1134,,DanaBunar2,42,8 depth 0.10-0.20,"MIN2,0",
1135,,DanaBunar2,42,9 depth 0.10-0.20,"MIN2,0",
1136,,DanaBunar2,44,87 depth 0.06-0.16,"MIN2,0",
1137,,DanaBunar2,44,88 depth 0.20-0.30,"MIN2,0",
1138,,DanaBunar2,44,89 depth 0.30-0.40,"MIN2,0",
1139,,DanaBunar2,44,90 depth 0.16-0.26,"MIN2,0",
1140,,DanaBunar2,44,91 depth 0.10-0.20,"MIN2,0",
1141,,DanaBunar2,44,92 depth 0.00-0.10,"MIN2,0",
1142,,DanaBunar2,44,93 depth 0.30-0.40,"MIN2,0",
1143,,DanaBunar2,46,30 depth 0.60-0.70,"MIN2,0",
1144,,DanaBunar2,46,31 depth 0.50-0.60,"MIN2,0",
1145,,DanaBunar2,46,32 depth 0.60-0.70,"MIN2,0",
1146,,DanaBunar2,46,33 depth 0.30-0.40,"MIN2,0",
1147,,DanaBunar2,46,34 depth 0.40-0.50,"MIN2,0",
1148,,DanaBunar2,46,35 depth 0.30-0.40,"MIN2,0",
1149,,DanaBunar2,47,49 depth 0.10-0.20,"MIN2,0",
1150,,DanaBunar2,47,50 depth 0.10-0.20,"MIN2,0",
1151,,DanaBunar2,55,54 depth 1.00-1.10,"MIN2,0",
1152,,DanaBunar2,55,55 depth 1.00-1.10,"MIN2,0",
1153,,DanaBunar2,58,23 depth 0.10-0.20,"MIN2,0",
1154,,DanaBunar2,58,24 depth 0.30-0.40,"MIN2,0",
1155,,DanaBunar2,58,25 depth 0.00-0.10,"MIN2,0",
1156,,DanaBunar2,58,26 depth 0.10-0.20,"MIN2,0",
1157,,DanaBunar2,58,27 depth 0.30-0.40,"MIN2,0",
1158,,DanaBunar2,58,28 depth 0.20-0.30,"MIN2,0",
1159,,DanaBunar2,64,11 depth 0.10-0.20,"MIN2,0",
1160,,DanaBunar2,64,12 depth 0.36-0.46,"MIN2,0",
1161,,DanaBunar2,64,13 depth 0.26-0.36,"MIN2,0",
1162,,DanaBunar2,64,16 depth 0.48-0.58,"MIN2,0",
1163,,Iswid,2709_fond,Isw 2013/32,"MIN2,0",
1164,,Iswid,2905 fond,Isw 2013/26,"MIN2,0",
1165,,Iswid,2913 fond,Isw 2013/33,"MIN2,0",
1166,,Iswid,foyer 2174,Isw 2013/15,"MIN2,0",
1167,,Iswid,US 10503,Isw 2013/8,"MIN2,0",
1168,,Iswid,US 10521,Isw 2013/20,"MIN2,0",
1169,,Iswid,US 10534,Isw 2013/21,"MIN2,0",
1170,,Iswid,US 10610,Isw 2013/25,"MIN2,0",
1171,,Iswid,US 11004,Isw 2013/22,"MIN2,0",
1172,,Iswid,US 11012,Isw 2013/27,"MIN2,0",
1173,,Iswid,US 11067,Isw 2013/28,"MIN2,0",
1174,,Iswid,US 12025,Isw 2013/25,"MIN2,0",
1175,,Iswid,US 12040,Isw 2013/29,"MIN2,0",
1176,,Iswid,US 12047,Isw 2013/30,"MIN2,0",
1177,,Iswid,US 12504,Isw 2013/31,"MIN2,0",
1178,,Iswid,US 13017,Isw 2015/18,"MIN2,0",
1179,,Iswid,US 13017,Isw 2016/41,"MIN2,0",
1180,,Iswid,US 13065,Isw 2015/25,"MIN2,0",
1181,,Iswid,US 13066,Isw 2015/4,"MIN2,0",
1182,,Iswid,US 13083,Isw 2015/22,"MIN2,0",
1183,,Iswid,US 13099,Isw 2015/9,"MIN2,0",
1184,,Iswid,US 13145,Isw 2015/21,"MIN2,0",
1185,,Iswid,US 13516,Isw 2015/8,"MIN2,0",
1186,,Iswid,US 13526,Isw 2015/2,"MIN2,0",
1187,,Iswid,US 13572,Isw 2015/12,"MIN2,0",
1188,,Iswid,US 13610,Isw 2015/11,"MIN2,0",
1189,,Iswid,US 13632,Isw 2016/15,"MIN2,0",
1190,,Iswid,US 13639,Isw2015/26,"MIN2,0",
1191,,Iswid,US 13657,Isw 2015/17,"MIN2,0",
1192,,Iswid,US 13705,Isw 2015/10,"MIN2,0",
1193,,Iswid,US 13791,Isw 2015/5,"MIN2,0",
1194,,Iswid,US 13791 (3),Isw 2015/7,"MIN2,0",
1195,,Iswid,US 13802,Isw 2015/20,"MIN2,0",
1196,,Iswid,US 13971,Isw 2015/7,"MIN2,0",
1197,,Iswid,US 14021,Isw 2015/1,"MIN2,0",
1198,,Iswid,US 14038,Isw 2015/3,"MIN2,0",
1199,,Iswid,US 14050,Isw 2015/24,"MIN2,0",
1200,,Iswid,US 14078,Isw 2916/23,"MIN2,0",
1201,,Iswid,US 14131,Isw 2015/13,"MIN2,0",
1202,,Iswid,US 14131,Isw 2016/12,"MIN2,0",
1203,,Iswid,US 14158,Isw 2015/14,"MIN2,0",
1204,,Iswid,US 14418,Isw 2016/34,"MIN2,0",
1205,,Iswid,US 14495,Isw 16/37,"MIN2,0",
1206,,Iswid,US 14509,16-Jan,"MIN2,0",
1207,,Iswid,US 14636,Isw 16/35,"MIN2,0",
1208,,Iswid,US 15067,Isw 2017/7,"MIN2,0",
1209,,Iswid,US 15071,Isw 17/4,"MIN2,0",
1210,,Iswid,US 15108,Isw 17/1,"MIN2,0",
1211,,Iswid,US 15140,Isw17/26,"MIN2,0",
1212,,Iswid,US 16183,Isw 2017/8,"MIN2,0",
1213,,Iswid,US 16287_F4185 (TR.),Isw 17/23,"MIN2,0",
1214,,Iswid,US 16323_F4199(foye,Isw 17/29,"MIN2,0",
1215,,Iswid,US 6712,Isw 2013/13,"MIN2,0",
1216,,Iswid,US 6773,Isw 2013/7,"MIN2,0",
1217,,Iswid,US 6803,Isw 2013/10,"MIN2,0",
1218,,Iswid,US 6810,Isw 2013/5,"MIN2,0",
1219,,Iswid,US 6827,Isw 2013/2,"MIN2,0",
1220,,Iswid,US 6854,Isw 2013/4,"MIN2,0",
1221,,Iswid,US 6863,Isw 2013/12,"MIN2,0",
1222,,Iswid,US 6875,Isw 2013/14,"MIN2,0",
1223,,Iswid,US 9036,Isw 2013/3,"MIN2,0",
1224,,Iswid,US 9200,Isw 2013/1,"MIN2,0",
1225,,Iswid,US 9321,Isw 2013/6,"MIN2,0",
1226,,Iswid,US 9404_foyer 2093,Isw 2013/17,"MIN2,0",
1227,,Iswid,US 9519,Isw 2013/11,"MIN2,0",
1228,,Iswid,US 9859/9860,Isw 2013/16,"MIN2,0",
1229,,Iswid,US 9870_foyer2163,1,"MIN2,0",
1230,,Iswid,US 9880_foyer 2166,Isw 2013/19,"MIN2,0",
1231,,18_0025,P16,18_0025_0003,"MIN1,0",
1232,,18_0025,P18,18_0025_0004,"MIN1,0",
1233,,18_0025,P20,18_0025_0005,"MIN1,0",
1234,,18_0025,P5,18_0025_0001,"MIN1,0",
1235,,18_0025,P6,18_0025_0002,"MIN1,0",
1236,,19_0013,A11148,19_0013_0013,"MIN1,0",
1237,,19_0013,A11148,19_0013_0014,"MIN1,0",
1238,,19_0013,A11148,19_0013_0015,"MIN1,0",
1239,,19_0013,A11148,19_0013_0020,"MIN1,0",
1240,,19_0013,A479,19_0013_0010,"MIN1,0",
1241,,19_0013,A479,19_0013_0011,"MIN1,0",
1242,,19_0013,A479,19_0013_0012,"MIN1,0",
1243,,19_0013,A479,19_0013_0019,"MIN1,0",
1244,,19_0013,A6214,19_0013_0007,"MIN1,0",
1245,,19_0013,A6214,19_0013_0008,"MIN1,0",
1246,,19_0013,A6214,19_0013_0009,"MIN1,0",
1247,,19_0013,A6214,19_0013_0018,"MIN1,0",
1248,,19_0013,A8090,19_0013_0004,"MIN1,0",
1249,,19_0013,A8090,19_0013_0005,"MIN1,0",
1250,,19_0013,A8090,19_0013_0006,"MIN1,0",
1251,,19_0013,A8090,19_0013_0017,"MIN1,0",
1252,,19_0013,A9063,19_0013_0001,"MIN1,0",
1253,,19_0013,A9063,19_0013_0002,"MIN1,0",
1254,,19_0013,A9063,19_0013_0003,"MIN1,0",
1255,,19_0013,A9063,19_0013_0016,"MIN1,0",
1256,,19_0014,A10143,19_0014_0040,"MIN1,0",
1257,,19_0014,A10153,19_0014_0037,"MIN1,0",
1258,,19_0014,A10189,19_0014_0042,"MIN1,0",
1259,,19_0014,A10229,19_0014_0039,"MIN1,0",
1260,,19_0014,A10697,19_0014_0067,"MIN1,0",
1261,,19_0014,A10990,19_0014_0055,"MIN1,0",
1262,,19_0014,A11339,19_0014_0068,"MIN1,0",
1263,,19_0014,A1196,19_0014_0044,"MIN1,0",
1264,,19_0014,A12024,19_0014_0056,"MIN1,0",
1265,,19_0014,A12024,19_0014_0057,"MIN1,0",
1266,,19_0014,A12034,19_0014_0058,"MIN1,0",
1267,,19_0014,A12435,19_0014_0069,"MIN1,0",
1268,,19_0014,A13064,19_0014_0071,"MIN1,0",
1269,,19_0014,A13200,19_0014_0041,"MIN1,0",
1270,,19_0014,A13299,19_0014_0072,"MIN1,0",
1271,,19_0014,A13837,19_0014_0060,"MIN1,0",
1272,,19_0014,A15333,19_0014_0061,"MIN1,0",
1273,,19_0014,A15344,19_0014_0074,"MIN1,0",
1274,,19_0014,A15554,19_0014_0075,"MIN1,0",
1275,,19_0014,A15736,19_0014_0059,"MIN1,0",
1276,,19_0014,A16771,19_0014_0008,"MIN1,0",
1277,,19_0014,A16783,19_0014_0005,"MIN1,0",
1278,,19_0014,A17294,19_0014_0016,"MIN1,0",
1279,,19_0014,A1875,19_0014_0046,"MIN1,0",
1280,,19_0014,A1931,19_0014_0047,"MIN1,0",
1281,,19_0014,A1998,19_0014_0048,"MIN1,0",
1282,,19_0014,A2019,19_0014_0049,"MIN1,0",
1283,,19_0014,A2029,19_0014_0050,"MIN1,0",
1284,,19_0014,A2114,19_0014_0051,"MIN1,0",
1285,,19_0014,A3019,19_0014_0052,"MIN1,0",
1286,,19_0014,A3170,19_0014_0066,"MIN1,0",
1287,,19_0014,A3650,19_0014_0053,"MIN1,0",
1288,,19_0014,A4115,19_0014_0023,"MIN1,0",
1289,,19_0014,A4365,19_0014_0054,"MIN1,0",
1290,,19_0014,A5192,19_0014_0020,"MIN1,0",
1291,,19_0014,A5213,19_0014_0019,"MIN1,0",
1292,,19_0014,A5223,19_0014_0018,"MIN1,0",
1293,,19_0014,A5254,19_0014_0029,"MIN1,0",
1294,,19_0014,A5282,19_0014_0021,"MIN1,0",
1295,,19_0014,A5294,19_0014_0022,"MIN1,0",
1296,,19_0014,A5307,19_0014_0024,"MIN1,0",
1297,,19_0014,A5334,19_0014_0063,"MIN1,0",
1298,,19_0014,A6041,19_0014_0034,"MIN1,0",
1299,,19_0014,A6135,19_0014_0015,"MIN1,0",
1300,,19_0014,A6146,19_0014_0033,"MIN1,0",
1301,,19_0014,A6157,19_0014_0035,"MIN1,0",
1302,,19_0014,A6178,19_0014_0017,"MIN1,0",
1303,,19_0014,A6194,19_0014_0025,"MIN1,0",
1304,,19_0014,A7199,19_0014_0032,"MIN1,0",
1305,,19_0014,A7253,19_0014_0014,"MIN1,0",
1306,,19_0014,A7263,19_0014_0030,"MIN1,0",
1307,,19_0014,A7294,19_0014_0013,"MIN1,0",
1308,,19_0014,A7306,19_0014_0036,"MIN1,0",
1309,,19_0014,A785,19_0014_0043,"MIN1,0",
1310,,19_0014,A8079,19_0014_0007,"MIN1,0",
1311,,19_0014,A8103,19_0014_0009,"MIN1,0",
1312,,19_0014,A8114,19_0014_0011,"MIN1,0",
1313,,19_0014,A8142,19_0014_0026,"MIN1,0",
1314,,19_0014,A8178,19_0014_0031,"MIN1,0",
1315,,19_0014,A8189,19_0014_0012,"MIN1,0",
1316,,19_0014,A8234,19_0014_0010,"MIN1,0",
1317,,19_0014,A9000,19_0014_0027,"MIN1,0",
1318,,19_0014,A9052,19_0014_0028,"MIN1,0",
1319,,19_0014,A9075,19_0014_0003,"MIN1,0",
1320,,19_0014,A9111,19_0014_0001,"MIN1,0",
1321,,19_0014,A9126,19_0014_0004,"MIN1,0",
1322,,19_0014,A9199,19_0014_0006,"MIN1,0",
1323,,19_0014,A957,19_0014_0064,"MIN1,0",
1324,,19_0014,A973,19_0014_0065,"MIN1,0",
1325,,19_0014,A9847,19_0014_0002,"MIN1,0",
1326,,22_0005,11200,22_0005_0001,"MIN1,0",
1327,,22_0005,11201,22_0005_0002,"MIN1,0",
1328,,22_0005,11221,22_0005_0003,"MIN1,0",
1329,,22_0005,12026,22_0005_0004,"MIN1,0",
1330,,22_0005,200125,22_0005_0012,"MIN1,0",
1331,,22_0005,200149,22_0005_0013,"MIN1,0",
1332,,22_0005,200177,22_0005_0009,"MIN1,0",
1333,,22_0005,200473,22_0005_0005,"MIN1,0",
1334,,22_0005,200475,22_0005_0006,"MIN1,0",
1335,,22_0005,23362,22_0005_0010,"MIN1,0",
1336,,22_0005,23434,22_0005_0007,"MIN1,0",
1337,,22_0005,23491,22_0005_0008,"MIN1,0",
1338,,22_0005,23988,22_0005_0011,"MIN1,0",
1339,,22_0015,A2076,22_0015_0017,"MIN1,0",
1340,,22_0015,A2154,22_0015_0020,"MIN1,0",
1341,,22_0015,A2874 G2976,22_0015_0014,"MIN1,0",
1342,,22_0015,A4796,22_0015_0013,"MIN1,0",
1343,,22_0015,M153 St 1,22_0015_0006,"MIN1,0",
1344,,22_0015,M153 St 2,22_0015_0007,"MIN1,0",
1345,,22_0015,M160 St 1,22_0015_0001,"MIN1,0",
1346,,22_0015,M167 St 1,22_0015_0002,"MIN1,0",
1347,,22_0015,M167 St 2,22_0015_0003,"MIN1,0",
1348,,22_0015,M167 St 3,22_0015_0004,"MIN1,0",
1349,,22_0015,M167 St 4,22_0015_0005,"MIN1,0",
1350,,22_0015,M32 Undre del,2022_0015_0009,"MIN1,0",
1351,,22_0015,M32 Övre del,2022_0015_0008,"MIN1,0",
1352,,22_0015,M99 A5085,2022_0015_0010,"MIN1,0",
1353,,22_0015,M99 A5085,2022_0015_0012,"MIN1,0",
1354,,DanaBunar2,31,17 depth 0.10-0.20,"MIN1,0",
1355,,DanaBunar2,31,17a depth 0.00-0.20,"MIN1,0",
1356,,DanaBunar2,32,51 depth 0.00-0.10,"MIN1,0",
1357,,DanaBunar2,32,52 depth 0.10-0.20,"MIN1,0",
1358,,DanaBunar2,32,53 depth 0.00-0.10,"MIN1,0",
1359,,DanaBunar2,33,18 depth 0.20-0.30,"MIN1,0",
1360,,DanaBunar2,33,19 depth 0.00-0.10,"MIN1,0",
1361,,DanaBunar2,33,20 depth 0.10-0.30,"MIN1,0",
1362,,DanaBunar2,33,21 depth 0.30-0.40,"MIN1,0",
1363,,DanaBunar2,33,22 depth 0.20-0.30,"MIN1,0",
1364,,DanaBunar2,37,39 depth 0.10-0.20,"MIN1,0",
1365,,DanaBunar2,37,40 depth 0.20-0.30,"MIN1,0",
1366,,DanaBunar2,37,41 depth 0.00-0.10,"MIN1,0",
1367,,DanaBunar2,37,42 depth 0.00-0.10,"MIN1,0",
1368,,DanaBunar2,38,1 depth 0.48-0.58,"MIN1,0",
1369,,DanaBunar2,38,2 depth 0.35-0.45,"MIN1,0",
1370,,DanaBunar2,38,3 depth 0.35-0.45,"MIN1,0",
1371,,DanaBunar2,38,4 depth 0.00-0.10,"MIN1,0",
1372,,DanaBunar2,38,5 depth 0.30-0.50,"MIN1,0",
1373,,DanaBunar2,39,47 depth 0.00-0.10,"MIN1,0",
1374,,DanaBunar2,39,48 depth 0.10-0.20,"MIN1,0",
1375,,DanaBunar2,41,44 depth 0.00-0.10,"MIN1,0",
1376,,DanaBunar2,41,46 depth 0.30-0.40,"MIN1,0",
1377,,DanaBunar2,42,10 depth 0.10-0.20,"MIN1,0",
1378,,DanaBunar2,42,6 depth 0.00-0.10,"MIN1,0",
1379,,DanaBunar2,42,7 depth 0.00-0.10,"MIN1,0",
1380,,DanaBunar2,42,8 depth 0.10-0.20,"MIN1,0",
1381,,DanaBunar2,42,9 depth 0.10-0.20,"MIN1,0",
1382,,DanaBunar2,44,87 depth 0.06-0.16,"MIN1,0",
1383,,DanaBunar2,44,88 depth 0.20-0.30,"MIN1,0",
1384,,DanaBunar2,44,89 depth 0.30-0.40,"MIN1,0",
1385,,DanaBunar2,44,90 depth 0.16-0.26,"MIN1,0",
1386,,DanaBunar2,44,91 depth 0.10-0.20,"MIN1,0",
1387,,DanaBunar2,44,92 depth 0.00-0.10,"MIN1,0",
1388,,DanaBunar2,44,93 depth 0.30-0.40,"MIN1,0",
1389,,DanaBunar2,46,30 depth 0.60-0.70,"MIN1,0",
1390,,DanaBunar2,46,31 depth 0.50-0.60,"MIN1,0",
1391,,DanaBunar2,46,32 depth 0.60-0.70,"MIN1,0",
1392,,DanaBunar2,46,33 depth 0.30-0.40,"MIN1,0",
1393,,DanaBunar2,46,34 depth 0.40-0.50,"MIN1,0",
1394,,DanaBunar2,46,35 depth 0.30-0.40,"MIN1,0",
1395,,DanaBunar2,47,49 depth 0.10-0.20,"MIN1,0",
1396,,DanaBunar2,47,50 depth 0.10-0.20,"MIN1,0",
1397,,DanaBunar2,55,54 depth 1.00-1.10,"MIN1,0",
1398,,DanaBunar2,55,55 depth 1.00-1.10,"MIN1,0",
1399,,DanaBunar2,58,23 depth 0.10-0.20,"MIN1,0",
1400,,DanaBunar2,58,24 depth 0.30-0.40,"MIN1,0",
1401,,DanaBunar2,58,25 depth 0.00-0.10,"MIN1,0",
1402,,DanaBunar2,58,26 depth 0.10-0.20,"MIN1,0",
1403,,DanaBunar2,58,27 depth 0.30-0.40,"MIN1,0",
1404,,DanaBunar2,58,28 depth 0.20-0.30,"MIN1,0",
1405,,DanaBunar2,64,11 depth 0.10-0.20,"MIN1,0",
1406,,DanaBunar2,64,12 depth 0.36-0.46,"MIN1,0",
1407,,DanaBunar2,64,13 depth 0.26-0.36,"MIN1,0",
1408,,DanaBunar2,64,16 depth 0.48-0.58,"MIN1,0",
1409,,Iswid,2709_fond,Isw 2013/32,"MIN1,0",
1410,,Iswid,2905 fond,Isw 2013/26,"MIN1,0",
1411,,Iswid,2913 fond,Isw 2013/33,"MIN1,0",
1412,,Iswid,foyer 2174,Isw 2013/15,"MIN1,0",
1413,,Iswid,US 10503,Isw 2013/8,"MIN1,0",
1414,,Iswid,US 10521,Isw 2013/20,"MIN1,0",
1415,,Iswid,US 10534,Isw 2013/21,"MIN1,0",
1416,,Iswid,US 10610,Isw 2013/25,"MIN1,0",
1417,,Iswid,US 11004,Isw 2013/22,"MIN1,0",
1418,,Iswid,US 11012,Isw 2013/27,"MIN1,0",
1419,,Iswid,US 11067,Isw 2013/28,"MIN1,0",
1420,,Iswid,US 12025,Isw 2013/25,"MIN1,0",
1421,,Iswid,US 12040,Isw 2013/29,"MIN1,0",
1422,,Iswid,US 12047,Isw 2013/30,"MIN1,0",
1423,,Iswid,US 12504,Isw 2013/31,"MIN1,0",
1424,,Iswid,US 13017,Isw 2015/18,"MIN1,0",
1425,,Iswid,US 13017,Isw 2016/41,"MIN1,0",
1426,,Iswid,US 13065,Isw 2015/25,"MIN1,0",
1427,,Iswid,US 13066,Isw 2015/4,"MIN1,0",
1428,,Iswid,US 13083,Isw 2015/22,"MIN1,0",
1429,,Iswid,US 13099,Isw 2015/9,"MIN1,0",
1430,,Iswid,US 13145,Isw 2015/21,"MIN1,0",
1431,,Iswid,US 13516,Isw 2015/8,"MIN1,0",
1432,,Iswid,US 13526,Isw 2015/2,"MIN1,0",
1433,,Iswid,US 13572,Isw 2015/12,"MIN1,0",
1434,,Iswid,US 13610,Isw 2015/11,"MIN1,0",
1435,,Iswid,US 13632,Isw 2016/15,"MIN1,0",
1436,,Iswid,US 13639,Isw2015/26,"MIN1,0",
1437,,Iswid,US 13657,Isw 2015/17,"MIN1,0",
1438,,Iswid,US 13705,Isw 2015/10,"MIN1,0",
1439,,Iswid,US 13791,Isw 2015/5,"MIN1,0",
1440,,Iswid,US 13791 (3),Isw 2015/7,"MIN1,0",
1441,,Iswid,US 13802,Isw 2015/20,"MIN1,0",
1442,,Iswid,US 13971,Isw 2015/7,"MIN1,0",
1443,,Iswid,US 14021,Isw 2015/1,"MIN1,0",
1444,,Iswid,US 14038,Isw 2015/3,"MIN1,0",
1445,,Iswid,US 14050,Isw 2015/24,"MIN1,0",
1446,,Iswid,US 14078,Isw 2916/23,"MIN1,0",
1447,,Iswid,US 14131,Isw 2015/13,"MIN1,0",
1448,,Iswid,US 14131,Isw 2016/12,"MIN1,0",
1449,,Iswid,US 14158,Isw 2015/14,"MIN1,0",
1450,,Iswid,US 14418,Isw 2016/34,"MIN1,0",
1451,,Iswid,US 14495,Isw 16/37,"MIN1,0",
1452,,Iswid,US 14509,16-Jan,"MIN1,0",
1453,,Iswid,US 14636,Isw 16/35,"MIN1,0",
1454,,Iswid,US 15067,Isw 2017/7,"MIN1,0",
1455,,Iswid,US 15071,Isw 17/4,"MIN1,0",
1456,,Iswid,US 15108,Isw 17/1,"MIN1,0",
1457,,Iswid,US 15140,Isw17/26,"MIN1,0",
1458,,Iswid,US 16183,Isw 2017/8,"MIN1,0",
1459,,Iswid,US 16287_F4185 (TR.),Isw 17/23,"MIN1,0",
1460,,Iswid,US 16323_F4199(foye,Isw 17/29,"MIN1,0",
1461,,Iswid,US 6712,Isw 2013/13,"MIN1,0",
1462,,Iswid,US 6773,Isw 2013/7,"MIN1,0",
1463,,Iswid,US 6803,Isw 2013/10,"MIN1,0",
1464,,Iswid,US 6810,Isw 2013/5,"MIN1,0",
1465,,Iswid,US 6827,Isw 2013/2,"MIN1,0",
1466,,Iswid,US 6854,Isw 2013/4,"MIN1,0",
1467,,Iswid,US 6863,Isw 2013/12,"MIN1,0",
1468,,Iswid,US 6875,Isw 2013/14,"MIN1,0",
1469,,Iswid,US 9036,Isw 2013/3,"MIN1,0",
1470,,Iswid,US 9200,Isw 2013/1,"MIN1,0",
1471,,Iswid,US 9321,Isw 2013/6,"MIN1,0",
1472,,Iswid,US 9404_foyer 2093,Isw 2013/17,"MIN1,0",
1473,,Iswid,US 9519,Isw 2013/11,"MIN1,0",
1474,,Iswid,US 9859/9860,Isw 2013/16,"MIN1,0",
1475,,Iswid,US 9870_foyer2163,1,"MIN1,0",
1476,,Iswid,US 9880_foyer 2166,Isw 2013/19,"MIN1,0",
1477,,18_0025,P16,18_0025_0003,"MIN0,5",
1478,,18_0025,P18,18_0025_0004,"MIN0,5",
1479,,18_0025,P20,18_0025_0005,"MIN0,5",
1480,,18_0025,P5,18_0025_0001,"MIN0,5",
1481,,18_0025,P6,18_0025_0002,"MIN0,5",
1482,,19_0013,A11148,19_0013_0013,"MIN0,5",
1483,,19_0013,A11148,19_0013_0014,"MIN0,5",
1484,,19_0013,A11148,19_0013_0015,"MIN0,5",
1485,,19_0013,A11148,19_0013_0020,"MIN0,5",
1486,,19_0013,A479,19_0013_0010,"MIN0,5",
1487,,19_0013,A479,19_0013_0011,"MIN0,5",
1488,,19_0013,A479,19_0013_0012,"MIN0,5",
1489,,19_0013,A479,19_0013_0019,"MIN0,5",
1490,,19_0013,A6214,19_0013_0007,"MIN0,5",
1491,,19_0013,A6214,19_0013_0008,"MIN0,5",
1492,,19_0013,A6214,19_0013_0009,"MIN0,5",
1493,,19_0013,A6214,19_0013_0018,"MIN0,5",
1494,,19_0013,A8090,19_0013_0004,"MIN0,5",
1495,,19_0013,A8090,19_0013_0005,"MIN0,5",
1496,,19_0013,A8090,19_0013_0006,"MIN0,5",
1497,,19_0013,A8090,19_0013_0017,"MIN0,5",
1498,,19_0013,A9063,19_0013_0001,"MIN0,5",
1499,,19_0013,A9063,19_0013_0002,"MIN0,5",
1500,,19_0013,A9063,19_0013_0003,"MIN0,5",
1501,,19_0013,A9063,19_0013_0016,"MIN0,5",
1502,,19_0014,A10143,19_0014_0040,"MIN0,5",
1503,,19_0014,A10153,19_0014_0037,"MIN0,5",
1504,,19_0014,A10189,19_0014_0042,"MIN0,5",
1505,,19_0014,A10229,19_0014_0039,"MIN0,5",
1506,,19_0014,A10697,19_0014_0067,"MIN0,5",
1507,,19_0014,A10990,19_0014_0055,"MIN0,5",
1508,,19_0014,A11339,19_0014_0068,"MIN0,5",
1509,,19_0014,A1196,19_0014_0044,"MIN0,5",
1510,,19_0014,A12024,19_0014_0056,"MIN0,5",
1511,,19_0014,A12024,19_0014_0057,"MIN0,5",
1512,,19_0014,A12034,19_0014_0058,"MIN0,5",
1513,,19_0014,A12435,19_0014_0069,"MIN0,5",
1514,,19_0014,A13064,19_0014_0071,"MIN0,5",
1515,,19_0014,A13200,19_0014_0041,"MIN0,5",
1516,,19_0014,A13299,19_0014_0072,"MIN0,5",
1517,,19_0014,A13837,19_0014_0060,"MIN0,5",
1518,,19_0014,A15333,19_0014_0061,"MIN0,5",
1519,,19_0014,A15344,19_0014_0074,"MIN0,5",
1520,,19_0014,A15554,19_0014_0075,"MIN0,5",
1521,,19_0014,A15736,19_0014_0059,"MIN0,5",
1522,,19_0014,A16771,19_0014_0008,"MIN0,5",
1523,,19_0014,A16783,19_0014_0005,"MIN0,5",
1524,,19_0014,A17294,19_0014_0016,"MIN0,5",
1525,,19_0014,A1875,19_0014_0046,"MIN0,5",
1526,,19_0014,A1931,19_0014_0047,"MIN0,5",
1527,,19_0014,A1998,19_0014_0048,"MIN0,5",
1528,,19_0014,A2019,19_0014_0049,"MIN0,5",
1529,,19_0014,A2029,19_0014_0050,"MIN0,5",
1530,,19_0014,A2114,19_0014_0051,"MIN0,5",
1531,,19_0014,A3019,19_0014_0052,"MIN0,5",
1532,,19_0014,A3170,19_0014_0066,"MIN0,5",
1533,,19_0014,A3650,19_0014_0053,"MIN0,5",
1534,,19_0014,A4115,19_0014_0023,"MIN0,5",
1535,,19_0014,A4365,19_0014_0054,"MIN0,5",
1536,,19_0014,A5192,19_0014_0020,"MIN0,5",
1537,,19_0014,A5213,19_0014_0019,"MIN0,5",
1538,,19_0014,A5223,19_0014_0018,"MIN0,5",
1539,,19_0014,A5254,19_0014_0029,"MIN0,5",
1540,,19_0014,A5282,19_0014_0021,"MIN0,5",
1541,,19_0014,A5294,19_0014_0022,"MIN0,5",
1542,,19_0014,A5307,19_0014_0024,"MIN0,5",
1543,,19_0014,A5334,19_0014_0063,"MIN0,5",
1544,,19_0014,A6041,19_0014_0034,"MIN0,5",
1545,,19_0014,A6135,19_0014_0015,"MIN0,5",
1546,,19_0014,A6146,19_0014_0033,"MIN0,5",
1547,,19_0014,A6157,19_0014_0035,"MIN0,5",
1548,,19_0014,A6178,19_0014_0017,"MIN0,5",
1549,,19_0014,A6194,19_0014_0025,"MIN0,5",
1550,,19_0014,A7199,19_0014_0032,"MIN0,5",
1551,,19_0014,A7253,19_0014_0014,"MIN0,5",
1552,,19_0014,A7263,19_0014_0030,"MIN0,5",
1553,,19_0014,A7294,19_0014_0013,"MIN0,5",
1554,,19_0014,A7306,19_0014_0036,"MIN0,5",
1555,,19_0014,A785,19_0014_0043,"MIN0,5",
1556,,19_0014,A8079,19_0014_0007,"MIN0,5",
1557,,19_0014,A8103,19_0014_0009,"MIN0,5",
1558,,19_0014,A8114,19_0014_0011,"MIN0,5",
1559,,19_0014,A8142,19_0014_0026,"MIN0,5",
1560,,19_0014,A8178,19_0014_0031,"MIN0,5",
1561,,19_0014,A8189,19_0014_0012,"MIN0,5",
1562,,19_0014,A8234,19_0014_0010,"MIN0,5",
1563,,19_0014,A9000,19_0014_0027,"MIN0,5",
1564,,19_0014,A9052,19_0014_0028,"MIN0,5",
1565,,19_0014,A9075,19_0014_0003,"MIN0,5",
1566,,19_0014,A9111,19_0014_0001,"MIN0,5",
1567,,19_0014,A9126,19_0014_0004,"MIN0,5",
1568,,19_0014,A9199,19_0014_0006,"MIN0,5",
1569,,19_0014,A957,19_0014_0064,"MIN0,5",
1570,,19_0014,A973,19_0014_0065,"MIN0,5",
1571,,19_0014,A9847,19_0014_0002,"MIN0,5",
1572,,22_0005,11200,22_0005_0001,"MIN0,5",
1573,,22_0005,11201,22_0005_0002,"MIN0,5",
1574,,22_0005,11221,22_0005_0003,"MIN0,5",
1575,,22_0005,12026,22_0005_0004,"MIN0,5",
1576,,22_0005,200125,22_0005_0012,"MIN0,5",
1577,,22_0005,200149,22_0005_0013,"MIN0,5",
1578,,22_0005,200177,22_0005_0009,"MIN0,5",
1579,,22_0005,200473,22_0005_0005,"MIN0,5",
1580,,22_0005,200475,22_0005_0006,"MIN0,5",
1581,,22_0005,23362,22_0005_0010,"MIN0,5",
1582,,22_0005,23434,22_0005_0007,"MIN0,5",
1583,,22_0005,23491,22_0005_0008,"MIN0,5",
1584,,22_0005,23988,22_0005_0011,"MIN0,5",
1585,,22_0015,A2076,22_0015_0017,"MIN0,5",
1586,,22_0015,A2154,22_0015_0020,"MIN0,5",
1587,,22_0015,A2874 G2976,22_0015_0014,"MIN0,5",
1588,,22_0015,A4796,22_0015_0013,"MIN0,5",
1589,,22_0015,M153 St 1,22_0015_0006,"MIN0,5",
1590,,22_0015,M153 St 2,22_0015_0007,"MIN0,5",
1591,,22_0015,M160 St 1,22_0015_0001,"MIN0,5",
1592,,22_0015,M167 St 1,22_0015_0002,"MIN0,5",
1593,,22_0015,M167 St 2,22_0015_0003,"MIN0,5",
1594,,22_0015,M167 St 3,22_0015_0004,"MIN0,5",
1595,,22_0015,M167 St 4,22_0015_0005,"MIN0,5",
1596,,22_0015,M32 Undre del,2022_0015_0009,"MIN0,5",
1597,,22_0015,M32 Övre del,2022_0015_0008,"MIN0,5",
1598,,22_0015,M99 A5085,2022_0015_0010,"MIN0,5",
1599,,22_0015,M99 A5085,2022_0015_0012,"MIN0,5",
1600,,DanaBunar2,31,17 depth 0.10-0.20,"MIN0,5",
1601,,DanaBunar2,31,17a depth 0.00-0.20,"MIN0,5",
1602,,DanaBunar2,32,51 depth 0.00-0.10,"MIN0,5",
1603,,DanaBunar2,32,52 depth 0.10-0.20,"MIN0,5",
1604,,DanaBunar2,32,53 depth 0.00-0.10,"MIN0,5",
1605,,DanaBunar2,33,18 depth 0.20-0.30,"MIN0,5",
1606,,DanaBunar2,33,19 depth 0.00-0.10,"MIN0,5",
1607,,DanaBunar2,33,20 depth 0.10-0.30,"MIN0,5",
1608,,DanaBunar2,33,21 depth 0.30-0.40,"MIN0,5",
1609,,DanaBunar2,33,22 depth 0.20-0.30,"MIN0,5",
1610,,DanaBunar2,37,39 depth 0.10-0.20,"MIN0,5",
1611,,DanaBunar2,37,40 depth 0.20-0.30,"MIN0,5",
1612,,DanaBunar2,37,41 depth 0.00-0.10,"MIN0,5",
1613,,DanaBunar2,37,42 depth 0.00-0.10,"MIN0,5",
1614,,DanaBunar2,38,1 depth 0.48-0.58,"MIN0,5",
1615,,DanaBunar2,38,2 depth 0.35-0.45,"MIN0,5",
1616,,DanaBunar2,38,3 depth 0.35-0.45,"MIN0,5",
1617,,DanaBunar2,38,4 depth 0.00-0.10,"MIN0,5",
1618,,DanaBunar2,38,5 depth 0.30-0.50,"MIN0,5",
1619,,DanaBunar2,39,47 depth 0.00-0.10,"MIN0,5",
1620,,DanaBunar2,39,48 depth 0.10-0.20,"MIN0,5",
1621,,DanaBunar2,41,44 depth 0.00-0.10,"MIN0,5",
1622,,DanaBunar2,41,46 depth 0.30-0.40,"MIN0,5",
1623,,DanaBunar2,42,10 depth 0.10-0.20,"MIN0,5",
1624,,DanaBunar2,42,6 depth 0.00-0.10,"MIN0,5",
1625,,DanaBunar2,42,7 depth 0.00-0.10,"MIN0,5",
1626,,DanaBunar2,42,8 depth 0.10-0.20,"MIN0,5",
1627,,DanaBunar2,42,9 depth 0.10-0.20,"MIN0,5",
1628,,DanaBunar2,44,87 depth 0.06-0.16,"MIN0,5",
1629,,DanaBunar2,44,88 depth 0.20-0.30,"MIN0,5",
1630,,DanaBunar2,44,89 depth 0.30-0.40,"MIN0,5",
1631,,DanaBunar2,44,90 depth 0.16-0.26,"MIN0,5",
1632,,DanaBunar2,44,91 depth 0.10-0.20,"MIN0,5",
1633,,DanaBunar2,44,92 depth 0.00-0.10,"MIN0,5",
1634,,DanaBunar2,44,93 depth 0.30-0.40,"MIN0,5",
1635,,DanaBunar2,46,30 depth 0.60-0.70,"MIN0,5",
1636,,DanaBunar2,46,31 depth 0.50-0.60,"MIN0,5",
1637,,DanaBunar2,46,32 depth 0.60-0.70,"MIN0,5",
1638,,DanaBunar2,46,33 depth 0.30-0.40,"MIN0,5",
1639,,DanaBunar2,46,34 depth 0.40-0.50,"MIN0,5",
1640,,DanaBunar2,46,35 depth 0.30-0.40,"MIN0,5",
1641,,DanaBunar2,47,49 depth 0.10-0.20,"MIN0,5",
1642,,DanaBunar2,47,50 depth 0.10-0.20,"MIN0,5",
1643,,DanaBunar2,55,54 depth 1.00-1.10,"MIN0,5",
1644,,DanaBunar2,55,55 depth 1.00-1.10,"MIN0,5",
1645,,DanaBunar2,58,23 depth 0.10-0.20,"MIN0,5",
1646,,DanaBunar2,58,24 depth 0.30-0.40,"MIN0,5",
1647,,DanaBunar2,58,25 depth 0.00-0.10,"MIN0,5",
1648,,DanaBunar2,58,26 depth 0.10-0.20,"MIN0,5",
1649,,DanaBunar2,58,27 depth 0.30-0.40,"MIN0,5",
1650,,DanaBunar2,58,28 depth 0.20-0.30,"MIN0,5",
1651,,DanaBunar2,64,11 depth 0.10-0.20,"MIN0,5",
1652,,DanaBunar2,64,12 depth 0.36-0.46,"MIN0,5",
1653,,DanaBunar2,64,13 depth 0.26-0.36,"MIN0,5",
1654,,DanaBunar2,64,16 depth 0.48-0.58,"MIN0,5",
1655,,Iswid,2709_fond,Isw 2013/32,"MIN0,5",
1656,,Iswid,2905 fond,Isw 2013/26,"MIN0,5",
1657,,Iswid,2913 fond,Isw 2013/33,"MIN0,5",
1658,,Iswid,foyer 2174,Isw 2013/15,"MIN0,5",
1659,,Iswid,US 10503,Isw 2013/8,"MIN0,5",
1660,,Iswid,US 10521,Isw 2013/20,"MIN0,5",
1661,,Iswid,US 10534,Isw 2013/21,"MIN0,5",
1662,,Iswid,US 10610,Isw 2013/25,"MIN0,5",
1663,,Iswid,US 11004,Isw 2013/22,"MIN0,5",
1664,,Iswid,US 11012,Isw 2013/27,"MIN0,5",
1665,,Iswid,US 11067,Isw 2013/28,"MIN0,5",
1666,,Iswid,US 12025,Isw 2013/25,"MIN0,5",
1667,,Iswid,US 12040,Isw 2013/29,"MIN0,5",
1668,,Iswid,US 12047,Isw 2013/30,"MIN0,5",
1669,,Iswid,US 12504,Isw 2013/31,"MIN0,5",
1670,,Iswid,US 13017,Isw 2015/18,"MIN0,5",
1671,,Iswid,US 13017,Isw 2016/41,"MIN0,5",
1672,,Iswid,US 13065,Isw 2015/25,"MIN0,5",
1673,,Iswid,US 13066,Isw 2015/4,"MIN0,5",
1674,,Iswid,US 13083,Isw 2015/22,"MIN0,5",
1675,,Iswid,US 13099,Isw 2015/9,"MIN0,5",
1676,,Iswid,US 13145,Isw 2015/21,"MIN0,5",
1677,,Iswid,US 13516,Isw 2015/8,"MIN0,5",
1678,,Iswid,US 13526,Isw 2015/2,"MIN0,5",
1679,,Iswid,US 13572,Isw 2015/12,"MIN0,5",
1680,,Iswid,US 13610,Isw 2015/11,"MIN0,5",
1681,,Iswid,US 13632,Isw 2016/15,"MIN0,5",
1682,,Iswid,US 13639,Isw2015/26,"MIN0,5",
1683,,Iswid,US 13657,Isw 2015/17,"MIN0,5",
1684,,Iswid,US 13705,Isw 2015/10,"MIN0,5",
1685,,Iswid,US 13791,Isw 2015/5,"MIN0,5",
1686,,Iswid,US 13791 (3),Isw 2015/7,"MIN0,5",
1687,,Iswid,US 13802,Isw 2015/20,"MIN0,5",
1688,,Iswid,US 13971,Isw 2015/7,"MIN0,5",
1689,,Iswid,US 14021,Isw 2015/1,"MIN0,5",
1690,,Iswid,US 14038,Isw 2015/3,"MIN0,5",
1691,,Iswid,US 14050,Isw 2015/24,"MIN0,5",
1692,,Iswid,US 14078,Isw 2916/23,"MIN0,5",
1693,,Iswid,US 14131,Isw 2015/13,"MIN0,5",
1694,,Iswid,US 14131,Isw 2016/12,"MIN0,5",
1695,,Iswid,US 14158,Isw 2015/14,"MIN0,5",
1696,,Iswid,US 14418,Isw 2016/34,"MIN0,5",
1697,,Iswid,US 14495,Isw 16/37,"MIN0,5",
1698,,Iswid,US 14509,16-Jan,"MIN0,5",
1699,,Iswid,US 14636,Isw 16/35,"MIN0,5",
1700,,Iswid,US 15067,Isw 2017/7,"MIN0,5",
1701,,Iswid,US 15071,Isw 17/4,"MIN0,5",
1702,,Iswid,US 15108,Isw 17/1,"MIN0,5",
1703,,Iswid,US 15140,Isw17/26,"MIN0,5",
1704,,Iswid,US 16183,Isw 2017/8,"MIN0,5",
1705,,Iswid,US 16287_F4185 (TR.),Isw 17/23,"MIN0,5",
1706,,Iswid,US 16323_F4199(foye,Isw 17/29,"MIN0,5",
1707,,Iswid,US 6712,Isw 2013/13,"MIN0,5",
1708,,Iswid,US 6773,Isw 2013/7,"MIN0,5",
1709,,Iswid,US 6803,Isw 2013/10,"MIN0,5",
1710,,Iswid,US 6810,Isw 2013/5,"MIN0,5",
1711,,Iswid,US 6827,Isw 2013/2,"MIN0,5",
1712,,Iswid,US 6854,Isw 2013/4,"MIN0,5",
1713,,Iswid,US 6863,Isw 2013/12,"MIN0,5",
1714,,Iswid,US 6875,Isw 2013/14,"MIN0,5",
1715,,Iswid,US 9036,Isw 2013/3,"MIN0,5",
1716,,Iswid,US 9200,Isw 2013/1,"MIN0,5",
1717,,Iswid,US 9321,Isw 2013/6,"MIN0,5",
1718,,Iswid,US 9404_foyer 2093,Isw 2013/17,"MIN0,5",
1719,,Iswid,US 9519,Isw 2013/11,"MIN0,5",
1720,,Iswid,US 9859/9860,Isw 2013/16,"MIN0,5",
1721,,Iswid,US 9870_foyer2163,1,"MIN0,5",
1722,,Iswid,US 9880_foyer 2166,Isw 2013/19,"MIN0,5",
1723,,18_0025,P16,18_0025_0003,"MIN0,25",nein
1724,,18_0025,P18,18_0025_0004,"MIN0,25",nein
1725,,18_0025,P20,18_0025_0005,"MIN0,25",nein
1726,,18_0025,P5,18_0025_0001,"MIN0,25",nein
1727,,18_0025,P6,18_0025_0002,"MIN0,25",nein
1728,,19_0013,A11148,19_0013_0013,"MIN0,25",nein
1729,,19_0013,A11148,19_0013_0014,"MIN0,25",nein
1730,,19_0013,A11148,19_0013_0015,"MIN0,25",nein
1731,,19_0013,A11148,19_0013_0020,"MIN0,25",nein
1732,,19_0013,A479,19_0013_0010,"MIN0,25",nein
1733,,19_0013,A479,19_0013_0011,"MIN0,25",nein
1734,,19_0013,A479,19_0013_0012,"MIN0,25",nein
1735,,19_0013,A479,19_0013_0019,"MIN0,25",nein
1736,,19_0013,A6214,19_0013_0007,"MIN0,25",nein
1737,,19_0013,A6214,19_0013_0008,"MIN0,25",nein
1738,,19_0013,A6214,19_0013_0009,"MIN0,25",nein
1739,,19_0013,A6214,19_0013_0018,"MIN0,25",nein
1740,,19_0013,A8090,19_0013_0004,"MIN0,25",nein
1741,,19_0013,A8090,19_0013_0005,"MIN0,25",nein
1742,,19_0013,A8090,19_0013_0006,"MIN0,25",nein
1743,,19_0013,A8090,19_0013_0017,"MIN0,25",nein
1744,,19_0013,A9063,19_0013_0001,"MIN0,25",nein
1745,,19_0013,A9063,19_0013_0002,"MIN0,25",nein
1746,,19_0013,A9063,19_0013_0003,"MIN0,25",nein
1747,,19_0013,A9063,19_0013_0016,"MIN0,25",nein
1748,,19_0014,A10143,19_0014_0040,"MIN0,25",nein
1749,,19_0014,A10153,19_0014_0037,"MIN0,25",nein
1750,,19_0014,A10189,19_0014_0042,"MIN0,25",nein
1751,,19_0014,A10229,19_0014_0039,"MIN0,25",nein
1752,,19_0014,A10697,19_0014_0067,"MIN0,25",nein
1753,,19_0014,A10990,19_0014_0055,"MIN0,25",nein
1754,,19_0014,A11339,19_0014_0068,"MIN0,25",nein
1755,,19_0014,A1196,19_0014_0044,"MIN0,25",nein
1756,,19_0014,A12024,19_0014_0056,"MIN0,25",nein
1757,,19_0014,A12024,19_0014_0057,"MIN0,25",nein
1758,,19_0014,A12034,19_0014_0058,"MIN0,25",nein
1759,,19_0014,A12435,19_0014_0069,"MIN0,25",nein
1760,,19_0014,A13064,19_0014_0071,"MIN0,25",nein
1761,,19_0014,A13200,19_0014_0041,"MIN0,25",nein
1762,,19_0014,A13299,19_0014_0072,"MIN0,25",nein
1763,,19_0014,A13837,19_0014_0060,"MIN0,25",nein
1764,,19_0014,A15333,19_0014_0061,"MIN0,25",nein
1765,,19_0014,A15344,19_0014_0074,"MIN0,25",nein
1766,,19_0014,A15554,19_0014_0075,"MIN0,25",nein
1767,,19_0014,A15736,19_0014_0059,"MIN0,25",nein
1768,,19_0014,A16771,19_0014_0008,"MIN0,25",nein
1769,,19_0014,A16783,19_0014_0005,"MIN0,25",nein
1770,,19_0014,A17294,19_0014_0016,"MIN0,25",nein
1771,,19_0014,A1875,19_0014_0046,"MIN0,25",nein
1772,,19_0014,A1931,19_0014_0047,"MIN0,25",nein
1773,,19_0014,A1998,19_0014_0048,"MIN0,25",nein
1774,,19_0014,A2019,19_0014_0049,"MIN0,25",nein
1775,,19_0014,A2029,19_0014_0050,"MIN0,25",nein
1776,,19_0014,A2114,19_0014_0051,"MIN0,25",nein
1777,,19_0014,A3019,19_0014_0052,"MIN0,25",nein
1778,,19_0014,A3170,19_0014_0066,"MIN0,25",nein
1779,,19_0014,A3650,19_0014_0053,"MIN0,25",nein
1780,,19_0014,A4115,19_0014_0023,"MIN0,25",nein
1781,,19_0014,A4365,19_0014_0054,"MIN0,25",nein
1782,,19_0014,A5192,19_0014_0020,"MIN0,25",nein
1783,,19_0014,A5213,19_0014_0019,"MIN0,25",nein
1784,,19_0014,A5223,19_0014_0018,"MIN0,25",nein
1785,,19_0014,A5254,19_0014_0029,"MIN0,25",nein
1786,,19_0014,A5282,19_0014_0021,"MIN0,25",nein
1787,,19_0014,A5294,19_0014_0022,"MIN0,25",nein
1788,,19_0014,A5307,19_0014_0024,"MIN0,25",nein
1789,,19_0014,A5334,19_0014_0063,"MIN0,25",nein
1790,,19_0014,A6041,19_0014_0034,"MIN0,25",nein
1791,,19_0014,A6135,19_0014_0015,"MIN0,25",nein
1792,,19_0014,A6146,19_0014_0033,"MIN0,25",nein
1793,,19_0014,A6157,19_0014_0035,"MIN0,25",nein
1794,,19_0014,A6178,19_0014_0017,"MIN0,25",nein
1795,,19_0014,A6194,19_0014_0025,"MIN0,25",nein
1796,,19_0014,A7199,19_0014_0032,"MIN0,25",nein
1797,,19_0014,A7253,19_0014_0014,"MIN0,25",nein
1798,,19_0014,A7263,19_0014_0030,"MIN0,25",nein
1799,,19_0014,A7294,19_0014_0013,"MIN0,25",nein
1800,,19_0014,A7306,19_0014_0036,"MIN0,25",nein
1801,,19_0014,A785,19_0014_0043,"MIN0,25",nein
1802,,19_0014,A8079,19_0014_0007,"MIN0,25",nein
1803,,19_0014,A8103,19_0014_0009,"MIN0,25",nein
1804,,19_0014,A8114,19_0014_0011,"MIN0,25",nein
1805,,19_0014,A8142,19_0014_0026,"MIN0,25",nein
1806,,19_0014,A8178,19_0014_0031,"MIN0,25",nein
1807,,19_0014,A8189,19_0014_0012,"MIN0,25",nein
1808,,19_0014,A8234,19_0014_0010,"MIN0,25",nein
1809,,19_0014,A9000,19_0014_0027,"MIN0,25",nein
1810,,19_0014,A9052,19_0014_0028,"MIN0,25",nein
1811,,19_0014,A9075,19_0014_0003,"MIN0,25",nein
1812,,19_0014,A9111,19_0014_0001,"MIN0,25",nein
1813,,19_0014,A9126,19_0014_0004,"MIN0,25",nein
1814,,19_0014,A9199,19_0014_0006,"MIN0,25",nein
1815,,19_0014,A957,19_0014_0064,"MIN0,25",nein
1816,,19_0014,A973,19_0014_0065,"MIN0,25",nein
1817,,19_0014,A9847,19_0014_0002,"MIN0,25",nein
1818,,22_0005,11200,22_0005_0001,"MIN0,25",nein
1819,,22_0005,11201,22_0005_0002,"MIN0,25",nein
1820,,22_0005,11221,22_0005_0003,"MIN0,25",nein
1821,,22_0005,12026,22_0005_0004,"MIN0,25",nein
1822,,22_0005,200125,22_0005_0012,"MIN0,25",nein
1823,,22_0005,200149,22_0005_0013,"MIN0,25",nein
1824,,22_0005,200177,22_0005_0009,"MIN0,25",nein
1825,,22_0005,200473,22_0005_0005,"MIN0,25",nein
1826,,22_0005,200475,22_0005_0006,"MIN0,25",nein
1827,,22_0005,23362,22_0005_0010,"MIN0,25",nein
1828,,22_0005,23434,22_0005_0007,"MIN0,25",nein
1829,,22_0005,23491,22_0005_0008,"MIN0,25",nein
1830,,22_0005,23988,22_0005_0011,"MIN0,25",nein
1831,,22_0015,A2076,22_0015_0017,"MIN0,25",
1832,,22_0015,A2154,22_0015_0020,"MIN0,25",
1833,,22_0015,A2874 G2976,22_0015_0014,"MIN0,25",
1834,,22_0015,A4796,22_0015_0013,"MIN0,25",
1835,,22_0015,M153 St 1,22_0015_0006,"MIN0,25",
1836,,22_0015,M153 St 2,22_0015_0007,"MIN0,25",
1837,,22_0015,M160 St 1,22_0015_0001,"MIN0,25",
1838,,22_0015,M167 St 1,22_0015_0002,"MIN0,25",
1839,,22_0015,M167 St 2,22_0015_0003,"MIN0,25",
1840,,22_0015,M167 St 3,22_0015_0004,"MIN0,25",
1841,,22_0015,M167 St 4,22_0015_0005,"MIN0,25",
1842,,22_0015,M32 Undre del,2022_0015_0009,"MIN0,25",
1843,,22_0015,M32 Övre del,2022_0015_0008,"MIN0,25",
1844,,22_0015,M99 A5085,2022_0015_0010,"MIN0,25",
1845,,22_0015,M99 A5085,2022_0015_0012,"MIN0,25",
1846,,DanaBunar2,31,17 depth 0.10-0.20,"MIN0,25",nein
1847,,DanaBunar2,31,17a depth 0.00-0.20,"MIN0,25",nein
1848,,DanaBunar2,32,51 depth 0.00-0.10,"MIN0,25",nein
1849,,DanaBunar2,32,52 depth 0.10-0.20,"MIN0,25",nein
1850,,DanaBunar2,32,53 depth 0.00-0.10,"MIN0,25",nein
1851,,DanaBunar2,33,18 depth 0.20-0.30,"MIN0,25",nein
1852,,DanaBunar2,33,19 depth 0.00-0.10,"MIN0,25",nein
1853,,DanaBunar2,33,20 depth 0.10-0.30,"MIN0,25",nein
1854,,DanaBunar2,33,21 depth 0.30-0.40,"MIN0,25",nein
1855,,DanaBunar2,33,22 depth 0.20-0.30,"MIN0,25",nein
1856,,DanaBunar2,37,39 depth 0.10-0.20,"MIN0,25",nein
1857,,DanaBunar2,37,40 depth 0.20-0.30,"MIN0,25",nein
1858,,DanaBunar2,37,41 depth 0.00-0.10,"MIN0,25",nein
1859,,DanaBunar2,37,42 depth 0.00-0.10,"MIN0,25",nein
1860,,DanaBunar2,38,1 depth 0.48-0.58,"MIN0,25",nein
1861,,DanaBunar2,38,2 depth 0.35-0.45,"MIN0,25",nein
1862,,DanaBunar2,38,3 depth 0.35-0.45,"MIN0,25",nein
1863,,DanaBunar2,38,4 depth 0.00-0.10,"MIN0,25",nein
1864,,DanaBunar2,38,5 depth 0.30-0.50,"MIN0,25",nein
1865,,DanaBunar2,39,47 depth 0.00-0.10,"MIN0,25",nein
1866,,DanaBunar2,39,48 depth 0.10-0.20,"MIN0,25",nein
1867,,DanaBunar2,41,44 depth 0.00-0.10,"MIN0,25",nein
1868,,DanaBunar2,41,46 depth 0.30-0.40,"MIN0,25",nein
1869,,DanaBunar2,42,10 depth 0.10-0.20,"MIN0,25",nein
1870,,DanaBunar2,42,6 depth 0.00-0.10,"MIN0,25",nein
1871,,DanaBunar2,42,7 depth 0.00-0.10,"MIN0,25",nein
1872,,DanaBunar2,42,8 depth 0.10-0.20,"MIN0,25",nein
1873,,DanaBunar2,42,9 depth 0.10-0.20,"MIN0,25",nein
1874,,DanaBunar2,44,87 depth 0.06-0.16,"MIN0,25",nein
1875,,DanaBunar2,44,88 depth 0.20-0.30,"MIN0,25",nein
1876,,DanaBunar2,44,89 depth 0.30-0.40,"MIN0,25",nein
1877,,DanaBunar2,44,90 depth 0.16-0.26,"MIN0,25",nein
1878,,DanaBunar2,44,91 depth 0.10-0.20,"MIN0,25",nein
1879,,DanaBunar2,44,92 depth 0.00-0.10,"MIN0,25",nein
1880,,DanaBunar2,44,93 depth 0.30-0.40,"MIN0,25",nein
1881,,DanaBunar2,46,30 depth 0.60-0.70,"MIN0,25",nein
1882,,DanaBunar2,46,31 depth 0.50-0.60,"MIN0,25",nein
1883,,DanaBunar2,46,32 depth 0.60-0.70,"MIN0,25",nein
1884,,DanaBunar2,46,33 depth 0.30-0.40,"MIN0,25",nein
1885,,DanaBunar2,46,34 depth 0.40-0.50,"MIN0,25",nein
1886,,DanaBunar2,46,35 depth 0.30-0.40,"MIN0,25",nein
1887,,DanaBunar2,47,49 depth 0.10-0.20,"MIN0,25",nein
1888,,DanaBunar2,47,50 depth 0.10-0.20,"MIN0,25",nein
1889,,DanaBunar2,55,54 depth 1.00-1.10,"MIN0,25",nein
1890,,DanaBunar2,55,55 depth 1.00-1.10,"MIN0,25",nein
1891,,DanaBunar2,58,23 depth 0.10-0.20,"MIN0,25",nein
1892,,DanaBunar2,58,24 depth 0.30-0.40,"MIN0,25",nein
1893,,DanaBunar2,58,25 depth 0.00-0.10,"MIN0,25",nein
1894,,DanaBunar2,58,26 depth 0.10-0.20,"MIN0,25",nein
1895,,DanaBunar2,58,27 depth 0.30-0.40,"MIN0,25",nein
1896,,DanaBunar2,58,28 depth 0.20-0.30,"MIN0,25",nein
1897,,DanaBunar2,64,11 depth 0.10-0.20,"MIN0,25",nein
1898,,DanaBunar2,64,12 depth 0.36-0.46,"MIN0,25",nein
1899,,DanaBunar2,64,13 depth 0.26-0.36,"MIN0,25",nein
1900,,DanaBunar2,64,16 depth 0.48-0.58,"MIN0,25",nein
1901,,Iswid,2709_fond,Isw 2013/32,"MIN0,25",
1902,,Iswid,2905 fond,Isw 2013/26,"MIN0,25",
1903,,Iswid,2913 fond,Isw 2013/33,"MIN0,25",
1904,,Iswid,foyer 2174,Isw 2013/15,"MIN0,25",
1905,,Iswid,US 10503,Isw 2013/8,"MIN0,25",
1906,,Iswid,US 10521,Isw 2013/20,"MIN0,25",
1907,,Iswid,US 10534,Isw 2013/21,"MIN0,25",
1908,,Iswid,US 10610,Isw 2013/25,"MIN0,25",
1909,,Iswid,US 11004,Isw 2013/22,"MIN0,25",
1910,,Iswid,US 11012,Isw 2013/27,"MIN0,25",
1911,,Iswid,US 11067,Isw 2013/28,"MIN0,25",
1912,,Iswid,US 12025,Isw 2013/25,"MIN0,25",
1913,,Iswid,US 12040,Isw 2013/29,"MIN0,25",
1914,,Iswid,US 12047,Isw 2013/30,"MIN0,25",
1915,,Iswid,US 12504,Isw 2013/31,"MIN0,25",
1916,,Iswid,US 13017,Isw 2015/18,"MIN0,25",
1917,,Iswid,US 13017,Isw 2016/41,"MIN0,25",
1918,,Iswid,US 13065,Isw 2015/25,"MIN0,25",
1919,,Iswid,US 13066,Isw 2015/4,"MIN0,25",
1920,,Iswid,US 13083,Isw 2015/22,"MIN0,25",
1921,,Iswid,US 13099,Isw 2015/9,"MIN0,25",
1922,,Iswid,US 13145,Isw 2015/21,"MIN0,25",
1923,,Iswid,US 13516,Isw 2015/8,"MIN0,25",
1924,,Iswid,US 13526,Isw 2015/2,"MIN0,25",
1925,,Iswid,US 13572,Isw 2015/12,"MIN0,25",
1926,,Iswid,US 13610,Isw 2015/11,"MIN0,25",
1927,,Iswid,US 13632,Isw 2016/15,"MIN0,25",
1928,,Iswid,US 13639,Isw2015/26,"MIN0,25",
1929,,Iswid,US 13657,Isw 2015/17,"MIN0,25",
1930,,Iswid,US 13705,Isw 2015/10,"MIN0,25",
1931,,Iswid,US 13791,Isw 2015/5,"MIN0,25",
1932,,Iswid,US 13791 (3),Isw 2015/7,"MIN0,25",
1933,,Iswid,US 13802,Isw 2015/20,"MIN0,25",
1934,,Iswid,US 13971,Isw 2015/7,"MIN0,25",
1935,,Iswid,US 14021,Isw 2015/1,"MIN0,25",
1936,,Iswid,US 14038,Isw 2015/3,"MIN0,25",
1937,,Iswid,US 14050,Isw 2015/24,"MIN0,25",
1938,,Iswid,US 14078,Isw 2916/23,"MIN0,25",
1939,,Iswid,US 14131,Isw 2015/13,"MIN0,25",
1940,,Iswid,US 14131,Isw 2016/12,"MIN0,25",
1941,,Iswid,US 14158,Isw 2015/14,"MIN0,25",
1942,,Iswid,US 14418,Isw 2016/34,"MIN0,25",
1943,,Iswid,US 14495,Isw 16/37,"MIN0,25",
1944,,Iswid,US 14509,16-Jan,"MIN0,25",
1945,,Iswid,US 14636,Isw 16/35,"MIN0,25",
1946,,Iswid,US 15067,Isw 2017/7,"MIN0,25",
1947,,Iswid,US 15071,Isw 17/4,"MIN0,25",
1948,,Iswid,US 15108,Isw 17/1,"MIN0,25",
1949,,Iswid,US 15140,Isw17/26,"MIN0,25",
1950,,Iswid,US 16183,Isw 2017/8,"MIN0,25",
1951,,Iswid,US 16287_F4185 (TR.),Isw 17/23,"MIN0,25",
1952,,Iswid,US 16323_F4199(foye,Isw 17/29,"MIN0,25",
1953,,Iswid,US 6712,Isw 2013/13,"MIN0,25",
1954,,Iswid,US 6773,Isw 2013/7,"MIN0,25",
1955,,Iswid,US 6803,Isw 2013/10,"MIN0,25",
1956,,Iswid,US 6810,Isw 2013/5,"MIN0,25",
1957,,Iswid,US 6827,Isw 2013/2,"MIN0,25",
1958,,Iswid,US 6854,Isw 2013/4,"MIN0,25",
1959,,Iswid,US 6863,Isw 2013/12,"MIN0,25",
1960,,Iswid,US 6875,Isw 2013/14,"MIN0,25",
1961,,Iswid,US 9036,Isw 2013/3,"MIN0,25",
1962,,Iswid,US 9200,Isw 2013/1,"MIN0,25",
1963,,Iswid,US 9321,Isw 2013/6,"MIN0,25",
1964,,Iswid,US 9404_foyer 2093,Isw 2013/17,"MIN0,25",
1965,,Iswid,US 9519,Isw 2013/11,"MIN0,25",
1966,,Iswid,US 9859/9860,Isw 2013/16,"MIN0,25",
1967,,Iswid,US 9870_foyer2163,1,"MIN0,25",
1968,,Iswid,US 9880_foyer 2166,Isw 2013/19,"MIN0,25",
