system_id,sample_coordinate_id,ProjektNr,Befu,ProbNr,coordinate_type,coordinate_value
1,,18_0025,P16,18_0025_0003,KoordX,0.0
2,,18_0025,P18,18_0025_0004,KoordX,0.0
3,,18_0025,P20,18_0025_0005,KoordX,0.0
4,,18_0025,P5,18_0025_0001,KoordX,0.0
5,,18_0025,P6,18_0025_0002,KoordX,0.0
6,,19_0013,A11148,19_0013_0013,KoordX,0.0
7,,19_0013,A11148,19_0013_0014,KoordX,0.0
8,,19_0013,A11148,19_0013_0015,KoordX,0.0
9,,19_0013,A11148,19_0013_0020,KoordX,0.0
10,,19_0013,A479,19_0013_0010,KoordX,0.0
11,,19_0013,A479,19_0013_0011,KoordX,0.0
12,,19_0013,A479,19_0013_0012,KoordX,0.0
13,,19_0013,A479,19_0013_0019,KoordX,0.0
14,,19_0013,A6214,19_0013_0007,KoordX,0.0
15,,19_0013,A6214,19_0013_0008,KoordX,0.0
16,,19_0013,A6214,19_0013_0009,KoordX,0.0
17,,19_0013,A6214,19_0013_0018,KoordX,0.0
18,,19_0013,A8090,19_0013_0004,KoordX,0.0
19,,19_0013,A8090,19_0013_0005,KoordX,0.0
20,,19_0013,A8090,19_0013_0006,KoordX,0.0
21,,19_0013,A8090,19_0013_0017,KoordX,0.0
22,,19_0013,A9063,19_0013_0001,KoordX,0.0
23,,19_0013,A9063,19_0013_0002,KoordX,0.0
24,,19_0013,A9063,19_0013_0003,KoordX,0.0
25,,19_0013,A9063,19_0013_0016,KoordX,0.0
26,,19_0014,A10143,19_0014_0040,KoordX,0.0
27,,19_0014,A10153,19_0014_0037,KoordX,0.0
28,,19_0014,A10189,19_0014_0042,KoordX,0.0
29,,19_0014,A10229,19_0014_0039,KoordX,0.0
30,,19_0014,A10697,19_0014_0067,KoordX,0.0
31,,19_0014,A10990,19_0014_0055,KoordX,0.0
32,,19_0014,A11339,19_0014_0068,KoordX,0.0
33,,19_0014,A1196,19_0014_0044,KoordX,0.0
34,,19_0014,A12024,19_0014_0056,KoordX,0.0
35,,19_0014,A12024,19_0014_0057,KoordX,0.0
36,,19_0014,A12034,19_0014_0058,KoordX,0.0
37,,19_0014,A12435,19_0014_0069,KoordX,0.0
38,,19_0014,A13064,19_0014_0071,KoordX,0.0
39,,19_0014,A13200,19_0014_0041,KoordX,0.0
40,,19_0014,A13299,19_0014_0072,KoordX,0.0
41,,19_0014,A13837,19_0014_0060,KoordX,0.0
42,,19_0014,A15333,19_0014_0061,KoordX,0.0
43,,19_0014,A15344,19_0014_0074,KoordX,0.0
44,,19_0014,A15554,19_0014_0075,KoordX,0.0
45,,19_0014,A15736,19_0014_0059,KoordX,0.0
46,,19_0014,A16771,19_0014_0008,KoordX,0.0
47,,19_0014,A16783,19_0014_0005,KoordX,0.0
48,,19_0014,A17294,19_0014_0016,KoordX,0.0
49,,19_0014,A1875,19_0014_0046,KoordX,0.0
50,,19_0014,A1931,19_0014_0047,KoordX,0.0
51,,19_0014,A1998,19_0014_0048,KoordX,0.0
52,,19_0014,A2019,19_0014_0049,KoordX,0.0
53,,19_0014,A2029,19_0014_0050,KoordX,0.0
54,,19_0014,A2114,19_0014_0051,KoordX,0.0
55,,19_0014,A3019,19_0014_0052,KoordX,0.0
56,,19_0014,A3170,19_0014_0066,KoordX,0.0
57,,19_0014,A3650,19_0014_0053,KoordX,0.0
58,,19_0014,A4115,19_0014_0023,KoordX,0.0
59,,19_0014,A4365,19_0014_0054,KoordX,0.0
60,,19_0014,A5192,19_0014_0020,KoordX,0.0
61,,19_0014,A5213,19_0014_0019,KoordX,0.0
62,,19_0014,A5223,19_0014_0018,KoordX,0.0
63,,19_0014,A5254,19_0014_0029,KoordX,0.0
64,,19_0014,A5282,19_0014_0021,KoordX,0.0
65,,19_0014,A5294,19_0014_0022,KoordX,0.0
66,,19_0014,A5307,19_0014_0024,KoordX,0.0
67,,19_0014,A5334,19_0014_0063,KoordX,0.0
68,,19_0014,A6041,19_0014_0034,KoordX,0.0
69,,19_0014,A6135,19_0014_0015,KoordX,0.0
70,,19_0014,A6146,19_0014_0033,KoordX,0.0
71,,19_0014,A6157,19_0014_0035,KoordX,0.0
72,,19_0014,A6178,19_0014_0017,KoordX,0.0
73,,19_0014,A6194,19_0014_0025,KoordX,0.0
74,,19_0014,A7199,19_0014_0032,KoordX,0.0
75,,19_0014,A7253,19_0014_0014,KoordX,0.0
76,,19_0014,A7263,19_0014_0030,KoordX,0.0
77,,19_0014,A7294,19_0014_0013,KoordX,0.0
78,,19_0014,A7306,19_0014_0036,KoordX,0.0
79,,19_0014,A785,19_0014_0043,KoordX,0.0
80,,19_0014,A8079,19_0014_0007,KoordX,0.0
81,,19_0014,A8103,19_0014_0009,KoordX,0.0
82,,19_0014,A8114,19_0014_0011,KoordX,0.0
83,,19_0014,A8142,19_0014_0026,KoordX,0.0
84,,19_0014,A8178,19_0014_0031,KoordX,0.0
85,,19_0014,A8189,19_0014_0012,KoordX,0.0
86,,19_0014,A8234,19_0014_0010,KoordX,0.0
87,,19_0014,A9000,19_0014_0027,KoordX,0.0
88,,19_0014,A9052,19_0014_0028,KoordX,0.0
89,,19_0014,A9075,19_0014_0003,KoordX,0.0
90,,19_0014,A9111,19_0014_0001,KoordX,0.0
91,,19_0014,A9126,19_0014_0004,KoordX,0.0
92,,19_0014,A9199,19_0014_0006,KoordX,0.0
93,,19_0014,A957,19_0014_0064,KoordX,0.0
94,,19_0014,A973,19_0014_0065,KoordX,0.0
95,,19_0014,A9847,19_0014_0002,KoordX,0.0
96,,22_0005,11200,22_0005_0001,KoordX,0.0
97,,22_0005,11201,22_0005_0002,KoordX,0.0
98,,22_0005,11221,22_0005_0003,KoordX,0.0
99,,22_0005,12026,22_0005_0004,KoordX,0.0
100,,22_0005,200125,22_0005_0012,KoordX,0.0
101,,22_0005,200149,22_0005_0013,KoordX,0.0
102,,22_0005,200177,22_0005_0009,KoordX,0.0
103,,22_0005,200473,22_0005_0005,KoordX,0.0
104,,22_0005,200475,22_0005_0006,KoordX,0.0
105,,22_0005,23362,22_0005_0010,KoordX,0.0
106,,22_0005,23434,22_0005_0007,KoordX,0.0
107,,22_0005,23491,22_0005_0008,KoordX,0.0
108,,22_0005,23988,22_0005_0011,KoordX,0.0
109,,22_0015,A2076,22_0015_0017,KoordX,
110,,22_0015,A2154,22_0015_0020,KoordX,
111,,22_0015,A2874 G2976,22_0015_0014,KoordX,
112,,22_0015,A4796,22_0015_0013,KoordX,
113,,22_0015,M153 St 1,22_0015_0006,KoordX,
114,,22_0015,M153 St 2,22_0015_0007,KoordX,
115,,22_0015,M160 St 1,22_0015_0001,KoordX,
116,,22_0015,M167 St 1,22_0015_0002,KoordX,
117,,22_0015,M167 St 2,22_0015_0003,KoordX,
118,,22_0015,M167 St 3,22_0015_0004,KoordX,
119,,22_0015,M167 St 4,22_0015_0005,KoordX,
120,,22_0015,M32 Undre del,2022_0015_0009,KoordX,
121,,22_0015,M32 Övre del,2022_0015_0008,KoordX,
122,,22_0015,M99 A5085,2022_0015_0010,KoordX,
123,,22_0015,M99 A5085,2022_0015_0012,KoordX,
124,,DanaBunar2,31,17 depth 0.10-0.20,KoordX,0.0
125,,DanaBunar2,31,17a depth 0.00-0.20,KoordX,0.0
126,,DanaBunar2,32,51 depth 0.00-0.10,KoordX,0.0
127,,DanaBunar2,32,52 depth 0.10-0.20,KoordX,0.0
128,,DanaBunar2,32,53 depth 0.00-0.10,KoordX,0.0
129,,DanaBunar2,33,18 depth 0.20-0.30,KoordX,0.0
130,,DanaBunar2,33,19 depth 0.00-0.10,KoordX,0.0
131,,DanaBunar2,33,20 depth 0.10-0.30,KoordX,0.0
132,,DanaBunar2,33,21 depth 0.30-0.40,KoordX,0.0
133,,DanaBunar2,33,22 depth 0.20-0.30,KoordX,0.0
134,,DanaBunar2,37,39 depth 0.10-0.20,KoordX,0.0
135,,DanaBunar2,37,40 depth 0.20-0.30,KoordX,0.0
136,,DanaBunar2,37,41 depth 0.00-0.10,KoordX,0.0
137,,DanaBunar2,37,42 depth 0.00-0.10,KoordX,0.0
138,,DanaBunar2,38,1 depth 0.48-0.58,KoordX,0.0
139,,DanaBunar2,38,2 depth 0.35-0.45,KoordX,0.0
140,,DanaBunar2,38,3 depth 0.35-0.45,KoordX,0.0
141,,DanaBunar2,38,4 depth 0.00-0.10,KoordX,0.0
142,,DanaBunar2,38,5 depth 0.30-0.50,KoordX,0.0
143,,DanaBunar2,39,47 depth 0.00-0.10,KoordX,0.0
144,,DanaBunar2,39,48 depth 0.10-0.20,KoordX,0.0
145,,DanaBunar2,41,44 depth 0.00-0.10,KoordX,0.0
146,,DanaBunar2,41,46 depth 0.30-0.40,KoordX,0.0
147,,DanaBunar2,42,10 depth 0.10-0.20,KoordX,0.0
148,,DanaBunar2,42,6 depth 0.00-0.10,KoordX,0.0
149,,DanaBunar2,42,7 depth 0.00-0.10,KoordX,0.0
150,,DanaBunar2,42,8 depth 0.10-0.20,KoordX,0.0
151,,DanaBunar2,42,9 depth 0.10-0.20,KoordX,0.0
152,,DanaBunar2,44,87 depth 0.06-0.16,KoordX,0.0
153,,DanaBunar2,44,88 depth 0.20-0.30,KoordX,0.0
154,,DanaBunar2,44,89 depth 0.30-0.40,KoordX,0.0
155,,DanaBunar2,44,90 depth 0.16-0.26,KoordX,0.0
156,,DanaBunar2,44,91 depth 0.10-0.20,KoordX,0.0
157,,DanaBunar2,44,92 depth 0.00-0.10,KoordX,0.0
158,,DanaBunar2,44,93 depth 0.30-0.40,KoordX,0.0
159,,DanaBunar2,46,30 depth 0.60-0.70,KoordX,0.0
160,,DanaBunar2,46,31 depth 0.50-0.60,KoordX,0.0
161,,DanaBunar2,46,32 depth 0.60-0.70,KoordX,0.0
162,,DanaBunar2,46,33 depth 0.30-0.40,KoordX,0.0
163,,DanaBunar2,46,34 depth 0.40-0.50,KoordX,0.0
164,,DanaBunar2,46,35 depth 0.30-0.40,KoordX,0.0
165,,DanaBunar2,47,49 depth 0.10-0.20,KoordX,0.0
166,,DanaBunar2,47,50 depth 0.10-0.20,KoordX,0.0
167,,DanaBunar2,55,54 depth 1.00-1.10,KoordX,0.0
168,,DanaBunar2,55,55 depth 1.00-1.10,KoordX,0.0
169,,DanaBunar2,58,23 depth 0.10-0.20,KoordX,0.0
170,,DanaBunar2,58,24 depth 0.30-0.40,KoordX,0.0
171,,DanaBunar2,58,25 depth 0.00-0.10,KoordX,0.0
172,,DanaBunar2,58,26 depth 0.10-0.20,KoordX,0.0
173,,DanaBunar2,58,27 depth 0.30-0.40,KoordX,0.0
174,,DanaBunar2,58,28 depth 0.20-0.30,KoordX,0.0
175,,DanaBunar2,64,11 depth 0.10-0.20,KoordX,0.0
176,,DanaBunar2,64,12 depth 0.36-0.46,KoordX,0.0
177,,DanaBunar2,64,13 depth 0.26-0.36,KoordX,0.0
178,,DanaBunar2,64,16 depth 0.48-0.58,KoordX,0.0
179,,Iswid,2709_fond,Isw 2013/32,KoordX,
180,,Iswid,2905 fond,Isw 2013/26,KoordX,
181,,Iswid,2913 fond,Isw 2013/33,KoordX,
182,,Iswid,foyer 2174,Isw 2013/15,KoordX,
183,,Iswid,US 10503,Isw 2013/8,KoordX,
184,,Iswid,US 10521,Isw 2013/20,KoordX,
185,,Iswid,US 10534,Isw 2013/21,KoordX,
186,,Iswid,US 10610,Isw 2013/25,KoordX,
187,,Iswid,US 11004,Isw 2013/22,KoordX,
188,,Iswid,US 11012,Isw 2013/27,KoordX,
189,,Iswid,US 11067,Isw 2013/28,KoordX,
190,,Iswid,US 12025,Isw 2013/25,KoordX,
191,,Iswid,US 12040,Isw 2013/29,KoordX,
192,,Iswid,US 12047,Isw 2013/30,KoordX,
193,,Iswid,US 12504,Isw 2013/31,KoordX,
194,,Iswid,US 13017,Isw 2015/18,KoordX,
195,,Iswid,US 13017,Isw 2016/41,KoordX,
196,,Iswid,US 13065,Isw 2015/25,KoordX,
197,,Iswid,US 13066,Isw 2015/4,KoordX,
198,,Iswid,US 13083,Isw 2015/22,KoordX,
199,,Iswid,US 13099,Isw 2015/9,KoordX,
200,,Iswid,US 13145,Isw 2015/21,KoordX,
201,,Iswid,US 13516,Isw 2015/8,KoordX,
202,,Iswid,US 13526,Isw 2015/2,KoordX,
203,,Iswid,US 13572,Isw 2015/12,KoordX,
204,,Iswid,US 13610,Isw 2015/11,KoordX,
205,,Iswid,US 13632,Isw 2016/15,KoordX,
206,,Iswid,US 13639,Isw2015/26,KoordX,
207,,Iswid,US 13657,Isw 2015/17,KoordX,
208,,Iswid,US 13705,Isw 2015/10,KoordX,
209,,Iswid,US 13791,Isw 2015/5,KoordX,
210,,Iswid,US 13791 (3),Isw 2015/7,KoordX,
211,,Iswid,US 13802,Isw 2015/20,KoordX,
212,,Iswid,US 13971,Isw 2015/7,KoordX,
213,,Iswid,US 14021,Isw 2015/1,KoordX,
214,,Iswid,US 14038,Isw 2015/3,KoordX,
215,,Iswid,US 14050,Isw 2015/24,KoordX,
216,,Iswid,US 14078,Isw 2916/23,KoordX,
217,,Iswid,US 14131,Isw 2015/13,KoordX,
218,,Iswid,US 14131,Isw 2016/12,KoordX,
219,,Iswid,US 14158,Isw 2015/14,KoordX,
220,,Iswid,US 14418,Isw 2016/34,KoordX,
221,,Iswid,US 14495,Isw 16/37,KoordX,
222,,Iswid,US 14509,16-Jan,KoordX,
223,,Iswid,US 14636,Isw 16/35,KoordX,
224,,Iswid,US 15067,Isw 2017/7,KoordX,
225,,Iswid,US 15071,Isw 17/4,KoordX,
226,,Iswid,US 15108,Isw 17/1,KoordX,
227,,Iswid,US 15140,Isw17/26,KoordX,
228,,Iswid,US 16183,Isw 2017/8,KoordX,
229,,Iswid,US 16287_F4185 (TR.),Isw 17/23,KoordX,
230,,Iswid,US 16323_F4199(foye,Isw 17/29,KoordX,
231,,Iswid,US 6712,Isw 2013/13,KoordX,
232,,Iswid,US 6773,Isw 2013/7,KoordX,
233,,Iswid,US 6803,Isw 2013/10,KoordX,
234,,Iswid,US 6810,Isw 2013/5,KoordX,
235,,Iswid,US 6827,Isw 2013/2,KoordX,
236,,Iswid,US 6854,Isw 2013/4,KoordX,
237,,Iswid,US 6863,Isw 2013/12,KoordX,
238,,Iswid,US 6875,Isw 2013/14,KoordX,
239,,Iswid,US 9036,Isw 2013/3,KoordX,
240,,Iswid,US 9200,Isw 2013/1,KoordX,
241,,Iswid,US 9321,Isw 2013/6,KoordX,
242,,Iswid,US 9404_foyer 2093,Isw 2013/17,KoordX,
243,,Iswid,US 9519,Isw 2013/11,KoordX,
244,,Iswid,US 9859/9860,Isw 2013/16,KoordX,
245,,Iswid,US 9870_foyer2163,1,KoordX,
246,,Iswid,US 9880_foyer 2166,Isw 2013/19,KoordX,
247,,18_0025,P16,18_0025_0003,KoordY,0.0
248,,18_0025,P18,18_0025_0004,KoordY,0.0
249,,18_0025,P20,18_0025_0005,KoordY,0.0
250,,18_0025,P5,18_0025_0001,KoordY,0.0
251,,18_0025,P6,18_0025_0002,KoordY,0.0
252,,19_0013,A11148,19_0013_0013,KoordY,0.0
253,,19_0013,A11148,19_0013_0014,KoordY,0.0
254,,19_0013,A11148,19_0013_0015,KoordY,0.0
255,,19_0013,A11148,19_0013_0020,KoordY,0.0
256,,19_0013,A479,19_0013_0010,KoordY,0.0
257,,19_0013,A479,19_0013_0011,KoordY,0.0
258,,19_0013,A479,19_0013_0012,KoordY,0.0
259,,19_0013,A479,19_0013_0019,KoordY,0.0
260,,19_0013,A6214,19_0013_0007,KoordY,0.0
261,,19_0013,A6214,19_0013_0008,KoordY,0.0
262,,19_0013,A6214,19_0013_0009,KoordY,0.0
263,,19_0013,A6214,19_0013_0018,KoordY,0.0
264,,19_0013,A8090,19_0013_0004,KoordY,0.0
265,,19_0013,A8090,19_0013_0005,KoordY,0.0
266,,19_0013,A8090,19_0013_0006,KoordY,0.0
267,,19_0013,A8090,19_0013_0017,KoordY,0.0
268,,19_0013,A9063,19_0013_0001,KoordY,0.0
269,,19_0013,A9063,19_0013_0002,KoordY,0.0
270,,19_0013,A9063,19_0013_0003,KoordY,0.0
271,,19_0013,A9063,19_0013_0016,KoordY,0.0
272,,19_0014,A10143,19_0014_0040,KoordY,0.0
273,,19_0014,A10153,19_0014_0037,KoordY,0.0
274,,19_0014,A10189,19_0014_0042,KoordY,0.0
275,,19_0014,A10229,19_0014_0039,KoordY,0.0
276,,19_0014,A10697,19_0014_0067,KoordY,0.0
277,,19_0014,A10990,19_0014_0055,KoordY,0.0
278,,19_0014,A11339,19_0014_0068,KoordY,0.0
279,,19_0014,A1196,19_0014_0044,KoordY,0.0
280,,19_0014,A12024,19_0014_0056,KoordY,0.0
281,,19_0014,A12024,19_0014_0057,KoordY,0.0
282,,19_0014,A12034,19_0014_0058,KoordY,0.0
283,,19_0014,A12435,19_0014_0069,KoordY,0.0
284,,19_0014,A13064,19_0014_0071,KoordY,0.0
285,,19_0014,A13200,19_0014_0041,KoordY,0.0
286,,19_0014,A13299,19_0014_0072,KoordY,0.0
287,,19_0014,A13837,19_0014_0060,KoordY,0.0
288,,19_0014,A15333,19_0014_0061,KoordY,0.0
289,,19_0014,A15344,19_0014_0074,KoordY,0.0
290,,19_0014,A15554,19_0014_0075,KoordY,0.0
291,,19_0014,A15736,19_0014_0059,KoordY,0.0
292,,19_0014,A16771,19_0014_0008,KoordY,0.0
293,,19_0014,A16783,19_0014_0005,KoordY,0.0
294,,19_0014,A17294,19_0014_0016,KoordY,0.0
295,,19_0014,A1875,19_0014_0046,KoordY,0.0
296,,19_0014,A1931,19_0014_0047,KoordY,0.0
297,,19_0014,A1998,19_0014_0048,KoordY,0.0
298,,19_0014,A2019,19_0014_0049,KoordY,0.0
299,,19_0014,A2029,19_0014_0050,KoordY,0.0
300,,19_0014,A2114,19_0014_0051,KoordY,0.0
301,,19_0014,A3019,19_0014_0052,KoordY,0.0
302,,19_0014,A3170,19_0014_0066,KoordY,0.0
303,,19_0014,A3650,19_0014_0053,KoordY,0.0
304,,19_0014,A4115,19_0014_0023,KoordY,0.0
305,,19_0014,A4365,19_0014_0054,KoordY,0.0
306,,19_0014,A5192,19_0014_0020,KoordY,0.0
307,,19_0014,A5213,19_0014_0019,KoordY,0.0
308,,19_0014,A5223,19_0014_0018,KoordY,0.0
309,,19_0014,A5254,19_0014_0029,KoordY,0.0
310,,19_0014,A5282,19_0014_0021,KoordY,0.0
311,,19_0014,A5294,19_0014_0022,KoordY,0.0
312,,19_0014,A5307,19_0014_0024,KoordY,0.0
313,,19_0014,A5334,19_0014_0063,KoordY,0.0
314,,19_0014,A6041,19_0014_0034,KoordY,0.0
315,,19_0014,A6135,19_0014_0015,KoordY,0.0
316,,19_0014,A6146,19_0014_0033,KoordY,0.0
317,,19_0014,A6157,19_0014_0035,KoordY,0.0
318,,19_0014,A6178,19_0014_0017,KoordY,0.0
319,,19_0014,A6194,19_0014_0025,KoordY,0.0
320,,19_0014,A7199,19_0014_0032,KoordY,0.0
321,,19_0014,A7253,19_0014_0014,KoordY,0.0
322,,19_0014,A7263,19_0014_0030,KoordY,0.0
323,,19_0014,A7294,19_0014_0013,KoordY,0.0
324,,19_0014,A7306,19_0014_0036,KoordY,0.0
325,,19_0014,A785,19_0014_0043,KoordY,0.0
326,,19_0014,A8079,19_0014_0007,KoordY,0.0
327,,19_0014,A8103,19_0014_0009,KoordY,0.0
328,,19_0014,A8114,19_0014_0011,KoordY,0.0
329,,19_0014,A8142,19_0014_0026,KoordY,0.0
330,,19_0014,A8178,19_0014_0031,KoordY,0.0
331,,19_0014,A8189,19_0014_0012,KoordY,0.0
332,,19_0014,A8234,19_0014_0010,KoordY,0.0
333,,19_0014,A9000,19_0014_0027,KoordY,0.0
334,,19_0014,A9052,19_0014_0028,KoordY,0.0
335,,19_0014,A9075,19_0014_0003,KoordY,0.0
336,,19_0014,A9111,19_0014_0001,KoordY,0.0
337,,19_0014,A9126,19_0014_0004,KoordY,0.0
338,,19_0014,A9199,19_0014_0006,KoordY,0.0
339,,19_0014,A957,19_0014_0064,KoordY,0.0
340,,19_0014,A973,19_0014_0065,KoordY,0.0
341,,19_0014,A9847,19_0014_0002,KoordY,0.0
342,,22_0005,11200,22_0005_0001,KoordY,0.0
343,,22_0005,11201,22_0005_0002,KoordY,0.0
344,,22_0005,11221,22_0005_0003,KoordY,0.0
345,,22_0005,12026,22_0005_0004,KoordY,0.0
346,,22_0005,200125,22_0005_0012,KoordY,0.0
347,,22_0005,200149,22_0005_0013,KoordY,0.0
348,,22_0005,200177,22_0005_0009,KoordY,0.0
349,,22_0005,200473,22_0005_0005,KoordY,0.0
350,,22_0005,200475,22_0005_0006,KoordY,0.0
351,,22_0005,23362,22_0005_0010,KoordY,0.0
352,,22_0005,23434,22_0005_0007,KoordY,0.0
353,,22_0005,23491,22_0005_0008,KoordY,0.0
354,,22_0005,23988,22_0005_0011,KoordY,0.0
355,,22_0015,A2076,22_0015_0017,KoordY,
356,,22_0015,A2154,22_0015_0020,KoordY,
357,,22_0015,A2874 G2976,22_0015_0014,KoordY,
358,,22_0015,A4796,22_0015_0013,KoordY,
359,,22_0015,M153 St 1,22_0015_0006,KoordY,
360,,22_0015,M153 St 2,22_0015_0007,KoordY,
361,,22_0015,M160 St 1,22_0015_0001,KoordY,
362,,22_0015,M167 St 1,22_0015_0002,KoordY,
363,,22_0015,M167 St 2,22_0015_0003,KoordY,
364,,22_0015,M167 St 3,22_0015_0004,KoordY,
365,,22_0015,M167 St 4,22_0015_0005,KoordY,
366,,22_0015,M32 Undre del,2022_0015_0009,KoordY,
367,,22_0015,M32 Övre del,2022_0015_0008,KoordY,
368,,22_0015,M99 A5085,2022_0015_0010,KoordY,
369,,22_0015,M99 A5085,2022_0015_0012,KoordY,
370,,DanaBunar2,31,17 depth 0.10-0.20,KoordY,0.0
371,,DanaBunar2,31,17a depth 0.00-0.20,KoordY,0.0
372,,DanaBunar2,32,51 depth 0.00-0.10,KoordY,0.0
373,,DanaBunar2,32,52 depth 0.10-0.20,KoordY,0.0
374,,DanaBunar2,32,53 depth 0.00-0.10,KoordY,0.0
375,,DanaBunar2,33,18 depth 0.20-0.30,KoordY,0.0
376,,DanaBunar2,33,19 depth 0.00-0.10,KoordY,0.0
377,,DanaBunar2,33,20 depth 0.10-0.30,KoordY,0.0
378,,DanaBunar2,33,21 depth 0.30-0.40,KoordY,0.0
379,,DanaBunar2,33,22 depth 0.20-0.30,KoordY,0.0
380,,DanaBunar2,37,39 depth 0.10-0.20,KoordY,0.0
381,,DanaBunar2,37,40 depth 0.20-0.30,KoordY,0.0
382,,DanaBunar2,37,41 depth 0.00-0.10,KoordY,0.0
383,,DanaBunar2,37,42 depth 0.00-0.10,KoordY,0.0
384,,DanaBunar2,38,1 depth 0.48-0.58,KoordY,0.0
385,,DanaBunar2,38,2 depth 0.35-0.45,KoordY,0.0
386,,DanaBunar2,38,3 depth 0.35-0.45,KoordY,0.0
387,,DanaBunar2,38,4 depth 0.00-0.10,KoordY,0.0
388,,DanaBunar2,38,5 depth 0.30-0.50,KoordY,0.0
389,,DanaBunar2,39,47 depth 0.00-0.10,KoordY,0.0
390,,DanaBunar2,39,48 depth 0.10-0.20,KoordY,0.0
391,,DanaBunar2,41,44 depth 0.00-0.10,KoordY,0.0
392,,DanaBunar2,41,46 depth 0.30-0.40,KoordY,0.0
393,,DanaBunar2,42,10 depth 0.10-0.20,KoordY,0.0
394,,DanaBunar2,42,6 depth 0.00-0.10,KoordY,0.0
395,,DanaBunar2,42,7 depth 0.00-0.10,KoordY,0.0
396,,DanaBunar2,42,8 depth 0.10-0.20,KoordY,0.0
397,,DanaBunar2,42,9 depth 0.10-0.20,KoordY,0.0
398,,DanaBunar2,44,87 depth 0.06-0.16,KoordY,0.0
399,,DanaBunar2,44,88 depth 0.20-0.30,KoordY,0.0
400,,DanaBunar2,44,89 depth 0.30-0.40,KoordY,0.0
401,,DanaBunar2,44,90 depth 0.16-0.26,KoordY,0.0
402,,DanaBunar2,44,91 depth 0.10-0.20,KoordY,0.0
403,,DanaBunar2,44,92 depth 0.00-0.10,KoordY,0.0
404,,DanaBunar2,44,93 depth 0.30-0.40,KoordY,0.0
405,,DanaBunar2,46,30 depth 0.60-0.70,KoordY,0.0
406,,DanaBunar2,46,31 depth 0.50-0.60,KoordY,0.0
407,,DanaBunar2,46,32 depth 0.60-0.70,KoordY,0.0
408,,DanaBunar2,46,33 depth 0.30-0.40,KoordY,0.0
409,,DanaBunar2,46,34 depth 0.40-0.50,KoordY,0.0
410,,DanaBunar2,46,35 depth 0.30-0.40,KoordY,0.0
411,,DanaBunar2,47,49 depth 0.10-0.20,KoordY,0.0
412,,DanaBunar2,47,50 depth 0.10-0.20,KoordY,0.0
413,,DanaBunar2,55,54 depth 1.00-1.10,KoordY,0.0
414,,DanaBunar2,55,55 depth 1.00-1.10,KoordY,0.0
415,,DanaBunar2,58,23 depth 0.10-0.20,KoordY,0.0
416,,DanaBunar2,58,24 depth 0.30-0.40,KoordY,0.0
417,,DanaBunar2,58,25 depth 0.00-0.10,KoordY,0.0
418,,DanaBunar2,58,26 depth 0.10-0.20,KoordY,0.0
419,,DanaBunar2,58,27 depth 0.30-0.40,KoordY,0.0
420,,DanaBunar2,58,28 depth 0.20-0.30,KoordY,0.0
421,,DanaBunar2,64,11 depth 0.10-0.20,KoordY,0.0
422,,DanaBunar2,64,12 depth 0.36-0.46,KoordY,0.0
423,,DanaBunar2,64,13 depth 0.26-0.36,KoordY,0.0
424,,DanaBunar2,64,16 depth 0.48-0.58,KoordY,0.0
425,,Iswid,2709_fond,Isw 2013/32,KoordY,
426,,Iswid,2905 fond,Isw 2013/26,KoordY,
427,,Iswid,2913 fond,Isw 2013/33,KoordY,
428,,Iswid,foyer 2174,Isw 2013/15,KoordY,
429,,Iswid,US 10503,Isw 2013/8,KoordY,
430,,Iswid,US 10521,Isw 2013/20,KoordY,
431,,Iswid,US 10534,Isw 2013/21,KoordY,
432,,Iswid,US 10610,Isw 2013/25,KoordY,
433,,Iswid,US 11004,Isw 2013/22,KoordY,
434,,Iswid,US 11012,Isw 2013/27,KoordY,
435,,Iswid,US 11067,Isw 2013/28,KoordY,
436,,Iswid,US 12025,Isw 2013/25,KoordY,
437,,Iswid,US 12040,Isw 2013/29,KoordY,
438,,Iswid,US 12047,Isw 2013/30,KoordY,
439,,Iswid,US 12504,Isw 2013/31,KoordY,
440,,Iswid,US 13017,Isw 2015/18,KoordY,
441,,Iswid,US 13017,Isw 2016/41,KoordY,
442,,Iswid,US 13065,Isw 2015/25,KoordY,
443,,Iswid,US 13066,Isw 2015/4,KoordY,
444,,Iswid,US 13083,Isw 2015/22,KoordY,
445,,Iswid,US 13099,Isw 2015/9,KoordY,
446,,Iswid,US 13145,Isw 2015/21,KoordY,
447,,Iswid,US 13516,Isw 2015/8,KoordY,
448,,Iswid,US 13526,Isw 2015/2,KoordY,
449,,Iswid,US 13572,Isw 2015/12,KoordY,
450,,Iswid,US 13610,Isw 2015/11,KoordY,
451,,Iswid,US 13632,Isw 2016/15,KoordY,
452,,Iswid,US 13639,Isw2015/26,KoordY,
453,,Iswid,US 13657,Isw 2015/17,KoordY,
454,,Iswid,US 13705,Isw 2015/10,KoordY,
455,,Iswid,US 13791,Isw 2015/5,KoordY,
456,,Iswid,US 13791 (3),Isw 2015/7,KoordY,
457,,Iswid,US 13802,Isw 2015/20,KoordY,
458,,Iswid,US 13971,Isw 2015/7,KoordY,
459,,Iswid,US 14021,Isw 2015/1,KoordY,
460,,Iswid,US 14038,Isw 2015/3,KoordY,
461,,Iswid,US 14050,Isw 2015/24,KoordY,
462,,Iswid,US 14078,Isw 2916/23,KoordY,
463,,Iswid,US 14131,Isw 2015/13,KoordY,
464,,Iswid,US 14131,Isw 2016/12,KoordY,
465,,Iswid,US 14158,Isw 2015/14,KoordY,
466,,Iswid,US 14418,Isw 2016/34,KoordY,
467,,Iswid,US 14495,Isw 16/37,KoordY,
468,,Iswid,US 14509,16-Jan,KoordY,
469,,Iswid,US 14636,Isw 16/35,KoordY,
470,,Iswid,US 15067,Isw 2017/7,KoordY,
471,,Iswid,US 15071,Isw 17/4,KoordY,
472,,Iswid,US 15108,Isw 17/1,KoordY,
473,,Iswid,US 15140,Isw17/26,KoordY,
474,,Iswid,US 16183,Isw 2017/8,KoordY,
475,,Iswid,US 16287_F4185 (TR.),Isw 17/23,KoordY,
476,,Iswid,US 16323_F4199(foye,Isw 17/29,KoordY,
477,,Iswid,US 6712,Isw 2013/13,KoordY,
478,,Iswid,US 6773,Isw 2013/7,KoordY,
479,,Iswid,US 6803,Isw 2013/10,KoordY,
480,,Iswid,US 6810,Isw 2013/5,KoordY,
481,,Iswid,US 6827,Isw 2013/2,KoordY,
482,,Iswid,US 6854,Isw 2013/4,KoordY,
483,,Iswid,US 6863,Isw 2013/12,KoordY,
484,,Iswid,US 6875,Isw 2013/14,KoordY,
485,,Iswid,US 9036,Isw 2013/3,KoordY,
486,,Iswid,US 9200,Isw 2013/1,KoordY,
487,,Iswid,US 9321,Isw 2013/6,KoordY,
488,,Iswid,US 9404_foyer 2093,Isw 2013/17,KoordY,
489,,Iswid,US 9519,Isw 2013/11,KoordY,
490,,Iswid,US 9859/9860,Isw 2013/16,KoordY,
491,,Iswid,US 9870_foyer2163,1,KoordY,
492,,Iswid,US 9880_foyer 2166,Isw 2013/19,KoordY,
493,,18_0025,P16,18_0025_0003,KoordZ,0.0
494,,18_0025,P18,18_0025_0004,KoordZ,0.0
495,,18_0025,P20,18_0025_0005,KoordZ,0.0
496,,18_0025,P5,18_0025_0001,KoordZ,0.0
497,,18_0025,P6,18_0025_0002,KoordZ,0.0
498,,19_0013,A11148,19_0013_0013,KoordZ,0.0
499,,19_0013,A11148,19_0013_0014,KoordZ,0.0
500,,19_0013,A11148,19_0013_0015,KoordZ,0.0
501,,19_0013,A11148,19_0013_0020,KoordZ,0.0
502,,19_0013,A479,19_0013_0010,KoordZ,
503,,19_0013,A479,19_0013_0011,KoordZ,0.0
504,,19_0013,A479,19_0013_0012,KoordZ,0.0
505,,19_0013,A479,19_0013_0019,KoordZ,0.0
506,,19_0013,A6214,19_0013_0007,KoordZ,0.0
507,,19_0013,A6214,19_0013_0008,KoordZ,0.0
508,,19_0013,A6214,19_0013_0009,KoordZ,0.0
509,,19_0013,A6214,19_0013_0018,KoordZ,0.0
510,,19_0013,A8090,19_0013_0004,KoordZ,0.0
511,,19_0013,A8090,19_0013_0005,KoordZ,0.0
512,,19_0013,A8090,19_0013_0006,KoordZ,0.0
513,,19_0013,A8090,19_0013_0017,KoordZ,0.0
514,,19_0013,A9063,19_0013_0001,KoordZ,0.0
515,,19_0013,A9063,19_0013_0002,KoordZ,0.0
516,,19_0013,A9063,19_0013_0003,KoordZ,0.0
517,,19_0013,A9063,19_0013_0016,KoordZ,0.0
518,,19_0014,A10143,19_0014_0040,KoordZ,0.0
519,,19_0014,A10153,19_0014_0037,KoordZ,0.0
520,,19_0014,A10189,19_0014_0042,KoordZ,0.0
521,,19_0014,A10229,19_0014_0039,KoordZ,0.0
522,,19_0014,A10697,19_0014_0067,KoordZ,0.0
523,,19_0014,A10990,19_0014_0055,KoordZ,0.0
524,,19_0014,A11339,19_0014_0068,KoordZ,0.0
525,,19_0014,A1196,19_0014_0044,KoordZ,0.0
526,,19_0014,A12024,19_0014_0056,KoordZ,0.0
527,,19_0014,A12024,19_0014_0057,KoordZ,0.0
528,,19_0014,A12034,19_0014_0058,KoordZ,0.0
529,,19_0014,A12435,19_0014_0069,KoordZ,0.0
530,,19_0014,A13064,19_0014_0071,KoordZ,0.0
531,,19_0014,A13200,19_0014_0041,KoordZ,0.0
532,,19_0014,A13299,19_0014_0072,KoordZ,0.0
533,,19_0014,A13837,19_0014_0060,KoordZ,0.0
534,,19_0014,A15333,19_0014_0061,KoordZ,0.0
535,,19_0014,A15344,19_0014_0074,KoordZ,0.0
536,,19_0014,A15554,19_0014_0075,KoordZ,0.0
537,,19_0014,A15736,19_0014_0059,KoordZ,0.0
538,,19_0014,A16771,19_0014_0008,KoordZ,0.0
539,,19_0014,A16783,19_0014_0005,KoordZ,0.0
540,,19_0014,A17294,19_0014_0016,KoordZ,0.0
541,,19_0014,A1875,19_0014_0046,KoordZ,0.0
542,,19_0014,A1931,19_0014_0047,KoordZ,0.0
543,,19_0014,A1998,19_0014_0048,KoordZ,0.0
544,,19_0014,A2019,19_0014_0049,KoordZ,0.0
545,,19_0014,A2029,19_0014_0050,KoordZ,0.0
546,,19_0014,A2114,19_0014_0051,KoordZ,0.0
547,,19_0014,A3019,19_0014_0052,KoordZ,0.0
548,,19_0014,A3170,19_0014_0066,KoordZ,0.0
549,,19_0014,A3650,19_0014_0053,KoordZ,0.0
550,,19_0014,A4115,19_0014_0023,KoordZ,0.0
551,,19_0014,A4365,19_0014_0054,KoordZ,0.0
552,,19_0014,A5192,19_0014_0020,KoordZ,0.0
553,,19_0014,A5213,19_0014_0019,KoordZ,0.0
554,,19_0014,A5223,19_0014_0018,KoordZ,0.0
555,,19_0014,A5254,19_0014_0029,KoordZ,0.0
556,,19_0014,A5282,19_0014_0021,KoordZ,0.0
557,,19_0014,A5294,19_0014_0022,KoordZ,0.0
558,,19_0014,A5307,19_0014_0024,KoordZ,0.0
559,,19_0014,A5334,19_0014_0063,KoordZ,0.0
560,,19_0014,A6041,19_0014_0034,KoordZ,0.0
561,,19_0014,A6135,19_0014_0015,KoordZ,0.0
562,,19_0014,A6146,19_0014_0033,KoordZ,0.0
563,,19_0014,A6157,19_0014_0035,KoordZ,0.0
564,,19_0014,A6178,19_0014_0017,KoordZ,0.0
565,,19_0014,A6194,19_0014_0025,KoordZ,0.0
566,,19_0014,A7199,19_0014_0032,KoordZ,0.0
567,,19_0014,A7253,19_0014_0014,KoordZ,0.0
568,,19_0014,A7263,19_0014_0030,KoordZ,0.0
569,,19_0014,A7294,19_0014_0013,KoordZ,0.0
570,,19_0014,A7306,19_0014_0036,KoordZ,0.0
571,,19_0014,A785,19_0014_0043,KoordZ,0.0
572,,19_0014,A8079,19_0014_0007,KoordZ,0.0
573,,19_0014,A8103,19_0014_0009,KoordZ,0.0
574,,19_0014,A8114,19_0014_0011,KoordZ,0.0
575,,19_0014,A8142,19_0014_0026,KoordZ,0.0
576,,19_0014,A8178,19_0014_0031,KoordZ,0.0
577,,19_0014,A8189,19_0014_0012,KoordZ,0.0
578,,19_0014,A8234,19_0014_0010,KoordZ,0.0
579,,19_0014,A9000,19_0014_0027,KoordZ,0.0
580,,19_0014,A9052,19_0014_0028,KoordZ,0.0
581,,19_0014,A9075,19_0014_0003,KoordZ,0.0
582,,19_0014,A9111,19_0014_0001,KoordZ,0.0
583,,19_0014,A9126,19_0014_0004,KoordZ,0.0
584,,19_0014,A9199,19_0014_0006,KoordZ,0.0
585,,19_0014,A957,19_0014_0064,KoordZ,0.0
586,,19_0014,A973,19_0014_0065,KoordZ,0.0
587,,19_0014,A9847,19_0014_0002,KoordZ,0.0
588,,22_0005,11200,22_0005_0001,KoordZ,0.0
589,,22_0005,11201,22_0005_0002,KoordZ,0.0
590,,22_0005,11221,22_0005_0003,KoordZ,0.0
591,,22_0005,12026,22_0005_0004,KoordZ,0.0
592,,22_0005,200125,22_0005_0012,KoordZ,0.0
593,,22_0005,200149,22_0005_0013,KoordZ,0.0
594,,22_0005,200177,22_0005_0009,KoordZ,0.0
595,,22_0005,200473,22_0005_0005,KoordZ,0.0
596,,22_0005,200475,22_0005_0006,KoordZ,0.0
597,,22_0005,23362,22_0005_0010,KoordZ,0.0
598,,22_0005,23434,22_0005_0007,KoordZ,0.0
599,,22_0005,23491,22_0005_0008,KoordZ,0.0
600,,22_0005,23988,22_0005_0011,KoordZ,0.0
601,,22_0015,A2076,22_0015_0017,KoordZ,
602,,22_0015,A2154,22_0015_0020,KoordZ,
603,,22_0015,A2874 G2976,22_0015_0014,KoordZ,
604,,22_0015,A4796,22_0015_0013,KoordZ,
605,,22_0015,M153 St 1,22_0015_0006,KoordZ,
606,,22_0015,M153 St 2,22_0015_0007,KoordZ,
607,,22_0015,M160 St 1,22_0015_0001,KoordZ,
608,,22_0015,M167 St 1,22_0015_0002,KoordZ,
609,,22_0015,M167 St 2,22_0015_0003,KoordZ,
610,,22_0015,M167 St 3,22_0015_0004,KoordZ,
611,,22_0015,M167 St 4,22_0015_0005,KoordZ,
612,,22_0015,M32 Undre del,2022_0015_0009,KoordZ,
613,,22_0015,M32 Övre del,2022_0015_0008,KoordZ,
614,,22_0015,M99 A5085,2022_0015_0010,KoordZ,
615,,22_0015,M99 A5085,2022_0015_0012,KoordZ,
616,,DanaBunar2,31,17 depth 0.10-0.20,KoordZ,0.0
617,,DanaBunar2,31,17a depth 0.00-0.20,KoordZ,0.0
618,,DanaBunar2,32,51 depth 0.00-0.10,KoordZ,0.0
619,,DanaBunar2,32,52 depth 0.10-0.20,KoordZ,0.0
620,,DanaBunar2,32,53 depth 0.00-0.10,KoordZ,0.0
621,,DanaBunar2,33,18 depth 0.20-0.30,KoordZ,0.0
622,,DanaBunar2,33,19 depth 0.00-0.10,KoordZ,0.0
623,,DanaBunar2,33,20 depth 0.10-0.30,KoordZ,0.0
624,,DanaBunar2,33,21 depth 0.30-0.40,KoordZ,0.0
625,,DanaBunar2,33,22 depth 0.20-0.30,KoordZ,0.0
626,,DanaBunar2,37,39 depth 0.10-0.20,KoordZ,0.0
627,,DanaBunar2,37,40 depth 0.20-0.30,KoordZ,0.0
628,,DanaBunar2,37,41 depth 0.00-0.10,KoordZ,0.0
629,,DanaBunar2,37,42 depth 0.00-0.10,KoordZ,0.0
630,,DanaBunar2,38,1 depth 0.48-0.58,KoordZ,0.0
631,,DanaBunar2,38,2 depth 0.35-0.45,KoordZ,0.0
632,,DanaBunar2,38,3 depth 0.35-0.45,KoordZ,0.0
633,,DanaBunar2,38,4 depth 0.00-0.10,KoordZ,0.0
634,,DanaBunar2,38,5 depth 0.30-0.50,KoordZ,0.0
635,,DanaBunar2,39,47 depth 0.00-0.10,KoordZ,0.0
636,,DanaBunar2,39,48 depth 0.10-0.20,KoordZ,0.0
637,,DanaBunar2,41,44 depth 0.00-0.10,KoordZ,0.0
638,,DanaBunar2,41,46 depth 0.30-0.40,KoordZ,0.0
639,,DanaBunar2,42,10 depth 0.10-0.20,KoordZ,0.0
640,,DanaBunar2,42,6 depth 0.00-0.10,KoordZ,0.0
641,,DanaBunar2,42,7 depth 0.00-0.10,KoordZ,0.0
642,,DanaBunar2,42,8 depth 0.10-0.20,KoordZ,0.0
643,,DanaBunar2,42,9 depth 0.10-0.20,KoordZ,0.0
644,,DanaBunar2,44,87 depth 0.06-0.16,KoordZ,0.0
645,,DanaBunar2,44,88 depth 0.20-0.30,KoordZ,0.0
646,,DanaBunar2,44,89 depth 0.30-0.40,KoordZ,0.0
647,,DanaBunar2,44,90 depth 0.16-0.26,KoordZ,0.0
648,,DanaBunar2,44,91 depth 0.10-0.20,KoordZ,0.0
649,,DanaBunar2,44,92 depth 0.00-0.10,KoordZ,0.0
650,,DanaBunar2,44,93 depth 0.30-0.40,KoordZ,0.0
651,,DanaBunar2,46,30 depth 0.60-0.70,KoordZ,0.0
652,,DanaBunar2,46,31 depth 0.50-0.60,KoordZ,0.0
653,,DanaBunar2,46,32 depth 0.60-0.70,KoordZ,0.0
654,,DanaBunar2,46,33 depth 0.30-0.40,KoordZ,0.0
655,,DanaBunar2,46,34 depth 0.40-0.50,KoordZ,0.0
656,,DanaBunar2,46,35 depth 0.30-0.40,KoordZ,0.0
657,,DanaBunar2,47,49 depth 0.10-0.20,KoordZ,0.0
658,,DanaBunar2,47,50 depth 0.10-0.20,KoordZ,0.0
659,,DanaBunar2,55,54 depth 1.00-1.10,KoordZ,0.0
660,,DanaBunar2,55,55 depth 1.00-1.10,KoordZ,0.0
661,,DanaBunar2,58,23 depth 0.10-0.20,KoordZ,0.0
662,,DanaBunar2,58,24 depth 0.30-0.40,KoordZ,0.0
663,,DanaBunar2,58,25 depth 0.00-0.10,KoordZ,0.0
664,,DanaBunar2,58,26 depth 0.10-0.20,KoordZ,0.0
665,,DanaBunar2,58,27 depth 0.30-0.40,KoordZ,0.0
666,,DanaBunar2,58,28 depth 0.20-0.30,KoordZ,0.0
667,,DanaBunar2,64,11 depth 0.10-0.20,KoordZ,0.0
668,,DanaBunar2,64,12 depth 0.36-0.46,KoordZ,0.0
669,,DanaBunar2,64,13 depth 0.26-0.36,KoordZ,0.0
670,,DanaBunar2,64,16 depth 0.48-0.58,KoordZ,0.0
671,,Iswid,2709_fond,Isw 2013/32,KoordZ,
672,,Iswid,2905 fond,Isw 2013/26,KoordZ,
673,,Iswid,2913 fond,Isw 2013/33,KoordZ,
674,,Iswid,foyer 2174,Isw 2013/15,KoordZ,
675,,Iswid,US 10503,Isw 2013/8,KoordZ,
676,,Iswid,US 10521,Isw 2013/20,KoordZ,
677,,Iswid,US 10534,Isw 2013/21,KoordZ,
678,,Iswid,US 10610,Isw 2013/25,KoordZ,
679,,Iswid,US 11004,Isw 2013/22,KoordZ,
680,,Iswid,US 11012,Isw 2013/27,KoordZ,
681,,Iswid,US 11067,Isw 2013/28,KoordZ,
682,,Iswid,US 12025,Isw 2013/25,KoordZ,
683,,Iswid,US 12040,Isw 2013/29,KoordZ,
684,,Iswid,US 12047,Isw 2013/30,KoordZ,
685,,Iswid,US 12504,Isw 2013/31,KoordZ,
686,,Iswid,US 13017,Isw 2015/18,KoordZ,
687,,Iswid,US 13017,Isw 2016/41,KoordZ,
688,,Iswid,US 13065,Isw 2015/25,KoordZ,
689,,Iswid,US 13066,Isw 2015/4,KoordZ,
690,,Iswid,US 13083,Isw 2015/22,KoordZ,
691,,Iswid,US 13099,Isw 2015/9,KoordZ,
692,,Iswid,US 13145,Isw 2015/21,KoordZ,
693,,Iswid,US 13516,Isw 2015/8,KoordZ,
694,,Iswid,US 13526,Isw 2015/2,KoordZ,
695,,Iswid,US 13572,Isw 2015/12,KoordZ,
696,,Iswid,US 13610,Isw 2015/11,KoordZ,
697,,Iswid,US 13632,Isw 2016/15,KoordZ,
698,,Iswid,US 13639,Isw2015/26,KoordZ,
699,,Iswid,US 13657,Isw 2015/17,KoordZ,
700,,Iswid,US 13705,Isw 2015/10,KoordZ,
701,,Iswid,US 13791,Isw 2015/5,KoordZ,
702,,Iswid,US 13791 (3),Isw 2015/7,KoordZ,
703,,Iswid,US 13802,Isw 2015/20,KoordZ,
704,,Iswid,US 13971,Isw 2015/7,KoordZ,
705,,Iswid,US 14021,Isw 2015/1,KoordZ,
706,,Iswid,US 14038,Isw 2015/3,KoordZ,
707,,Iswid,US 14050,Isw 2015/24,KoordZ,
708,,Iswid,US 14078,Isw 2916/23,KoordZ,
709,,Iswid,US 14131,Isw 2015/13,KoordZ,
710,,Iswid,US 14131,Isw 2016/12,KoordZ,
711,,Iswid,US 14158,Isw 2015/14,KoordZ,
712,,Iswid,US 14418,Isw 2016/34,KoordZ,
713,,Iswid,US 14495,Isw 16/37,KoordZ,
714,,Iswid,US 14509,16-Jan,KoordZ,
715,,Iswid,US 14636,Isw 16/35,KoordZ,
716,,Iswid,US 15067,Isw 2017/7,KoordZ,
717,,Iswid,US 15071,Isw 17/4,KoordZ,
718,,Iswid,US 15108,Isw 17/1,KoordZ,
719,,Iswid,US 15140,Isw17/26,KoordZ,
720,,Iswid,US 16183,Isw 2017/8,KoordZ,
721,,Iswid,US 16287_F4185 (TR.),Isw 17/23,KoordZ,
722,,Iswid,US 16323_F4199(foye,Isw 17/29,KoordZ,
723,,Iswid,US 6712,Isw 2013/13,KoordZ,
724,,Iswid,US 6773,Isw 2013/7,KoordZ,
725,,Iswid,US 6803,Isw 2013/10,KoordZ,
726,,Iswid,US 6810,Isw 2013/5,KoordZ,
727,,Iswid,US 6827,Isw 2013/2,KoordZ,
728,,Iswid,US 6854,Isw 2013/4,KoordZ,
729,,Iswid,US 6863,Isw 2013/12,KoordZ,
730,,Iswid,US 6875,Isw 2013/14,KoordZ,
731,,Iswid,US 9036,Isw 2013/3,KoordZ,
732,,Iswid,US 9200,Isw 2013/1,KoordZ,
733,,Iswid,US 9321,Isw 2013/6,KoordZ,
734,,Iswid,US 9404_foyer 2093,Isw 2013/17,KoordZ,
735,,Iswid,US 9519,Isw 2013/11,KoordZ,
736,,Iswid,US 9859/9860,Isw 2013/16,KoordZ,
737,,Iswid,US 9870_foyer2163,1,KoordZ,
738,,Iswid,US 9880_foyer 2166,Isw 2013/19,KoordZ,
739,,18_0025,P16,18_0025_0003,TiefeBis,
740,,18_0025,P18,18_0025_0004,TiefeBis,
741,,18_0025,P20,18_0025_0005,TiefeBis,
742,,18_0025,P5,18_0025_0001,TiefeBis,
743,,18_0025,P6,18_0025_0002,TiefeBis,
744,,19_0013,A11148,19_0013_0013,TiefeBis,
745,,19_0013,A11148,19_0013_0014,TiefeBis,
746,,19_0013,A11148,19_0013_0015,TiefeBis,
747,,19_0013,A11148,19_0013_0020,TiefeBis,
748,,19_0013,A479,19_0013_0010,TiefeBis,
749,,19_0013,A479,19_0013_0011,TiefeBis,
750,,19_0013,A479,19_0013_0012,TiefeBis,
751,,19_0013,A479,19_0013_0019,TiefeBis,
752,,19_0013,A6214,19_0013_0007,TiefeBis,
753,,19_0013,A6214,19_0013_0008,TiefeBis,
754,,19_0013,A6214,19_0013_0009,TiefeBis,
755,,19_0013,A6214,19_0013_0018,TiefeBis,
756,,19_0013,A8090,19_0013_0004,TiefeBis,
757,,19_0013,A8090,19_0013_0005,TiefeBis,
758,,19_0013,A8090,19_0013_0006,TiefeBis,
759,,19_0013,A8090,19_0013_0017,TiefeBis,
760,,19_0013,A9063,19_0013_0001,TiefeBis,
761,,19_0013,A9063,19_0013_0002,TiefeBis,
762,,19_0013,A9063,19_0013_0003,TiefeBis,
763,,19_0013,A9063,19_0013_0016,TiefeBis,
764,,19_0014,A10143,19_0014_0040,TiefeBis,
765,,19_0014,A10153,19_0014_0037,TiefeBis,
766,,19_0014,A10189,19_0014_0042,TiefeBis,
767,,19_0014,A10229,19_0014_0039,TiefeBis,
768,,19_0014,A10697,19_0014_0067,TiefeBis,
769,,19_0014,A10990,19_0014_0055,TiefeBis,
770,,19_0014,A11339,19_0014_0068,TiefeBis,
771,,19_0014,A1196,19_0014_0044,TiefeBis,
772,,19_0014,A12024,19_0014_0056,TiefeBis,
773,,19_0014,A12024,19_0014_0057,TiefeBis,
774,,19_0014,A12034,19_0014_0058,TiefeBis,
775,,19_0014,A12435,19_0014_0069,TiefeBis,
776,,19_0014,A13064,19_0014_0071,TiefeBis,
777,,19_0014,A13200,19_0014_0041,TiefeBis,
778,,19_0014,A13299,19_0014_0072,TiefeBis,
779,,19_0014,A13837,19_0014_0060,TiefeBis,
780,,19_0014,A15333,19_0014_0061,TiefeBis,
781,,19_0014,A15344,19_0014_0074,TiefeBis,
782,,19_0014,A15554,19_0014_0075,TiefeBis,
783,,19_0014,A15736,19_0014_0059,TiefeBis,
784,,19_0014,A16771,19_0014_0008,TiefeBis,
785,,19_0014,A16783,19_0014_0005,TiefeBis,
786,,19_0014,A17294,19_0014_0016,TiefeBis,
787,,19_0014,A1875,19_0014_0046,TiefeBis,
788,,19_0014,A1931,19_0014_0047,TiefeBis,
789,,19_0014,A1998,19_0014_0048,TiefeBis,
790,,19_0014,A2019,19_0014_0049,TiefeBis,
791,,19_0014,A2029,19_0014_0050,TiefeBis,
792,,19_0014,A2114,19_0014_0051,TiefeBis,
793,,19_0014,A3019,19_0014_0052,TiefeBis,
794,,19_0014,A3170,19_0014_0066,TiefeBis,
795,,19_0014,A3650,19_0014_0053,TiefeBis,
796,,19_0014,A4115,19_0014_0023,TiefeBis,
797,,19_0014,A4365,19_0014_0054,TiefeBis,
798,,19_0014,A5192,19_0014_0020,TiefeBis,
799,,19_0014,A5213,19_0014_0019,TiefeBis,
800,,19_0014,A5223,19_0014_0018,TiefeBis,
801,,19_0014,A5254,19_0014_0029,TiefeBis,
802,,19_0014,A5282,19_0014_0021,TiefeBis,
803,,19_0014,A5294,19_0014_0022,TiefeBis,
804,,19_0014,A5307,19_0014_0024,TiefeBis,
805,,19_0014,A5334,19_0014_0063,TiefeBis,
806,,19_0014,A6041,19_0014_0034,TiefeBis,
807,,19_0014,A6135,19_0014_0015,TiefeBis,
808,,19_0014,A6146,19_0014_0033,TiefeBis,
809,,19_0014,A6157,19_0014_0035,TiefeBis,
810,,19_0014,A6178,19_0014_0017,TiefeBis,
811,,19_0014,A6194,19_0014_0025,TiefeBis,
812,,19_0014,A7199,19_0014_0032,TiefeBis,
813,,19_0014,A7253,19_0014_0014,TiefeBis,
814,,19_0014,A7263,19_0014_0030,TiefeBis,
815,,19_0014,A7294,19_0014_0013,TiefeBis,
816,,19_0014,A7306,19_0014_0036,TiefeBis,
817,,19_0014,A785,19_0014_0043,TiefeBis,
818,,19_0014,A8079,19_0014_0007,TiefeBis,
819,,19_0014,A8103,19_0014_0009,TiefeBis,
820,,19_0014,A8114,19_0014_0011,TiefeBis,
821,,19_0014,A8142,19_0014_0026,TiefeBis,
822,,19_0014,A8178,19_0014_0031,TiefeBis,
823,,19_0014,A8189,19_0014_0012,TiefeBis,
824,,19_0014,A8234,19_0014_0010,TiefeBis,
825,,19_0014,A9000,19_0014_0027,TiefeBis,
826,,19_0014,A9052,19_0014_0028,TiefeBis,
827,,19_0014,A9075,19_0014_0003,TiefeBis,
828,,19_0014,A9111,19_0014_0001,TiefeBis,
829,,19_0014,A9126,19_0014_0004,TiefeBis,
830,,19_0014,A9199,19_0014_0006,TiefeBis,
831,,19_0014,A957,19_0014_0064,TiefeBis,
832,,19_0014,A973,19_0014_0065,TiefeBis,
833,,19_0014,A9847,19_0014_0002,TiefeBis,
834,,22_0005,11200,22_0005_0001,TiefeBis,
835,,22_0005,11201,22_0005_0002,TiefeBis,
836,,22_0005,11221,22_0005_0003,TiefeBis,
837,,22_0005,12026,22_0005_0004,TiefeBis,
838,,22_0005,200125,22_0005_0012,TiefeBis,
839,,22_0005,200149,22_0005_0013,TiefeBis,
840,,22_0005,200177,22_0005_0009,TiefeBis,
841,,22_0005,200473,22_0005_0005,TiefeBis,
842,,22_0005,200475,22_0005_0006,TiefeBis,
843,,22_0005,23362,22_0005_0010,TiefeBis,
844,,22_0005,23434,22_0005_0007,TiefeBis,
845,,22_0005,23491,22_0005_0008,TiefeBis,
846,,22_0005,23988,22_0005_0011,TiefeBis,
847,,22_0015,A2076,22_0015_0017,TiefeBis,
848,,22_0015,A2154,22_0015_0020,TiefeBis,
849,,22_0015,A2874 G2976,22_0015_0014,TiefeBis,
850,,22_0015,A4796,22_0015_0013,TiefeBis,
851,,22_0015,M153 St 1,22_0015_0006,TiefeBis,
852,,22_0015,M153 St 2,22_0015_0007,TiefeBis,
853,,22_0015,M160 St 1,22_0015_0001,TiefeBis,
854,,22_0015,M167 St 1,22_0015_0002,TiefeBis,
855,,22_0015,M167 St 2,22_0015_0003,TiefeBis,
856,,22_0015,M167 St 3,22_0015_0004,TiefeBis,
857,,22_0015,M167 St 4,22_0015_0005,TiefeBis,
858,,22_0015,M32 Undre del,2022_0015_0009,TiefeBis,
859,,22_0015,M32 Övre del,2022_0015_0008,TiefeBis,
860,,22_0015,M99 A5085,2022_0015_0010,TiefeBis,
861,,22_0015,M99 A5085,2022_0015_0012,TiefeBis,
862,,DanaBunar2,31,17 depth 0.10-0.20,TiefeBis,
863,,DanaBunar2,31,17a depth 0.00-0.20,TiefeBis,
864,,DanaBunar2,32,51 depth 0.00-0.10,TiefeBis,
865,,DanaBunar2,32,52 depth 0.10-0.20,TiefeBis,
866,,DanaBunar2,32,53 depth 0.00-0.10,TiefeBis,
867,,DanaBunar2,33,18 depth 0.20-0.30,TiefeBis,
868,,DanaBunar2,33,19 depth 0.00-0.10,TiefeBis,
869,,DanaBunar2,33,20 depth 0.10-0.30,TiefeBis,
870,,DanaBunar2,33,21 depth 0.30-0.40,TiefeBis,
871,,DanaBunar2,33,22 depth 0.20-0.30,TiefeBis,
872,,DanaBunar2,37,39 depth 0.10-0.20,TiefeBis,
873,,DanaBunar2,37,40 depth 0.20-0.30,TiefeBis,
874,,DanaBunar2,37,41 depth 0.00-0.10,TiefeBis,
875,,DanaBunar2,37,42 depth 0.00-0.10,TiefeBis,
876,,DanaBunar2,38,1 depth 0.48-0.58,TiefeBis,
877,,DanaBunar2,38,2 depth 0.35-0.45,TiefeBis,
878,,DanaBunar2,38,3 depth 0.35-0.45,TiefeBis,
879,,DanaBunar2,38,4 depth 0.00-0.10,TiefeBis,
880,,DanaBunar2,38,5 depth 0.30-0.50,TiefeBis,
881,,DanaBunar2,39,47 depth 0.00-0.10,TiefeBis,
882,,DanaBunar2,39,48 depth 0.10-0.20,TiefeBis,
883,,DanaBunar2,41,44 depth 0.00-0.10,TiefeBis,
884,,DanaBunar2,41,46 depth 0.30-0.40,TiefeBis,
885,,DanaBunar2,42,10 depth 0.10-0.20,TiefeBis,
886,,DanaBunar2,42,6 depth 0.00-0.10,TiefeBis,
887,,DanaBunar2,42,7 depth 0.00-0.10,TiefeBis,
888,,DanaBunar2,42,8 depth 0.10-0.20,TiefeBis,
889,,DanaBunar2,42,9 depth 0.10-0.20,TiefeBis,
890,,DanaBunar2,44,87 depth 0.06-0.16,TiefeBis,
891,,DanaBunar2,44,88 depth 0.20-0.30,TiefeBis,
892,,DanaBunar2,44,89 depth 0.30-0.40,TiefeBis,
893,,DanaBunar2,44,90 depth 0.16-0.26,TiefeBis,
894,,DanaBunar2,44,91 depth 0.10-0.20,TiefeBis,
895,,DanaBunar2,44,92 depth 0.00-0.10,TiefeBis,
896,,DanaBunar2,44,93 depth 0.30-0.40,TiefeBis,
897,,DanaBunar2,46,30 depth 0.60-0.70,TiefeBis,
898,,DanaBunar2,46,31 depth 0.50-0.60,TiefeBis,
899,,DanaBunar2,46,32 depth 0.60-0.70,TiefeBis,
900,,DanaBunar2,46,33 depth 0.30-0.40,TiefeBis,
901,,DanaBunar2,46,34 depth 0.40-0.50,TiefeBis,
902,,DanaBunar2,46,35 depth 0.30-0.40,TiefeBis,
903,,DanaBunar2,47,49 depth 0.10-0.20,TiefeBis,
904,,DanaBunar2,47,50 depth 0.10-0.20,TiefeBis,
905,,DanaBunar2,55,54 depth 1.00-1.10,TiefeBis,
906,,DanaBunar2,55,55 depth 1.00-1.10,TiefeBis,
907,,DanaBunar2,58,23 depth 0.10-0.20,TiefeBis,
908,,DanaBunar2,58,24 depth 0.30-0.40,TiefeBis,
909,,DanaBunar2,58,25 depth 0.00-0.10,TiefeBis,
910,,DanaBunar2,58,26 depth 0.10-0.20,TiefeBis,
911,,DanaBunar2,58,27 depth 0.30-0.40,TiefeBis,
912,,DanaBunar2,58,28 depth 0.20-0.30,TiefeBis,
913,,DanaBunar2,64,11 depth 0.10-0.20,TiefeBis,
914,,DanaBunar2,64,12 depth 0.36-0.46,TiefeBis,
915,,DanaBunar2,64,13 depth 0.26-0.36,TiefeBis,
916,,DanaBunar2,64,16 depth 0.48-0.58,TiefeBis,
917,,Iswid,2709_fond,Isw 2013/32,TiefeBis,
918,,Iswid,2905 fond,Isw 2013/26,TiefeBis,
919,,Iswid,2913 fond,Isw 2013/33,TiefeBis,
920,,Iswid,foyer 2174,Isw 2013/15,TiefeBis,
921,,Iswid,US 10503,Isw 2013/8,TiefeBis,
922,,Iswid,US 10521,Isw 2013/20,TiefeBis,
923,,Iswid,US 10534,Isw 2013/21,TiefeBis,
924,,Iswid,US 10610,Isw 2013/25,TiefeBis,
925,,Iswid,US 11004,Isw 2013/22,TiefeBis,
926,,Iswid,US 11012,Isw 2013/27,TiefeBis,
927,,Iswid,US 11067,Isw 2013/28,TiefeBis,
928,,Iswid,US 12025,Isw 2013/25,TiefeBis,
929,,Iswid,US 12040,Isw 2013/29,TiefeBis,
930,,Iswid,US 12047,Isw 2013/30,TiefeBis,
931,,Iswid,US 12504,Isw 2013/31,TiefeBis,
932,,Iswid,US 13017,Isw 2015/18,TiefeBis,
933,,Iswid,US 13017,Isw 2016/41,TiefeBis,
934,,Iswid,US 13065,Isw 2015/25,TiefeBis,
935,,Iswid,US 13066,Isw 2015/4,TiefeBis,
936,,Iswid,US 13083,Isw 2015/22,TiefeBis,
937,,Iswid,US 13099,Isw 2015/9,TiefeBis,
938,,Iswid,US 13145,Isw 2015/21,TiefeBis,
939,,Iswid,US 13516,Isw 2015/8,TiefeBis,
940,,Iswid,US 13526,Isw 2015/2,TiefeBis,
941,,Iswid,US 13572,Isw 2015/12,TiefeBis,
942,,Iswid,US 13610,Isw 2015/11,TiefeBis,
943,,Iswid,US 13632,Isw 2016/15,TiefeBis,
944,,Iswid,US 13639,Isw2015/26,TiefeBis,
945,,Iswid,US 13657,Isw 2015/17,TiefeBis,
946,,Iswid,US 13705,Isw 2015/10,TiefeBis,
947,,Iswid,US 13791,Isw 2015/5,TiefeBis,
948,,Iswid,US 13791 (3),Isw 2015/7,TiefeBis,
949,,Iswid,US 13802,Isw 2015/20,TiefeBis,
950,,Iswid,US 13971,Isw 2015/7,TiefeBis,
951,,Iswid,US 14021,Isw 2015/1,TiefeBis,
952,,Iswid,US 14038,Isw 2015/3,TiefeBis,
953,,Iswid,US 14050,Isw 2015/24,TiefeBis,
954,,Iswid,US 14078,Isw 2916/23,TiefeBis,
955,,Iswid,US 14131,Isw 2015/13,TiefeBis,
956,,Iswid,US 14131,Isw 2016/12,TiefeBis,
957,,Iswid,US 14158,Isw 2015/14,TiefeBis,
958,,Iswid,US 14418,Isw 2016/34,TiefeBis,
959,,Iswid,US 14495,Isw 16/37,TiefeBis,
960,,Iswid,US 14509,16-Jan,TiefeBis,
961,,Iswid,US 14636,Isw 16/35,TiefeBis,
962,,Iswid,US 15067,Isw 2017/7,TiefeBis,
963,,Iswid,US 15071,Isw 17/4,TiefeBis,
964,,Iswid,US 15108,Isw 17/1,TiefeBis,
965,,Iswid,US 15140,Isw17/26,TiefeBis,
966,,Iswid,US 16183,Isw 2017/8,TiefeBis,
967,,Iswid,US 16287_F4185 (TR.),Isw 17/23,TiefeBis,
968,,Iswid,US 16323_F4199(foye,Isw 17/29,TiefeBis,
969,,Iswid,US 6712,Isw 2013/13,TiefeBis,
970,,Iswid,US 6773,Isw 2013/7,TiefeBis,
971,,Iswid,US 6803,Isw 2013/10,TiefeBis,
972,,Iswid,US 6810,Isw 2013/5,TiefeBis,
973,,Iswid,US 6827,Isw 2013/2,TiefeBis,
974,,Iswid,US 6854,Isw 2013/4,TiefeBis,
975,,Iswid,US 6863,Isw 2013/12,TiefeBis,
976,,Iswid,US 6875,Isw 2013/14,TiefeBis,
977,,Iswid,US 9036,Isw 2013/3,TiefeBis,
978,,Iswid,US 9200,Isw 2013/1,TiefeBis,
979,,Iswid,US 9321,Isw 2013/6,TiefeBis,
980,,Iswid,US 9404_foyer 2093,Isw 2013/17,TiefeBis,
981,,Iswid,US 9519,Isw 2013/11,TiefeBis,
982,,Iswid,US 9859/9860,Isw 2013/16,TiefeBis,
983,,Iswid,US 9870_foyer2163,1,TiefeBis,
984,,Iswid,US 9880_foyer 2166,Isw 2013/19,TiefeBis,
985,,18_0025,P16,18_0025_0003,TiefeVon,
986,,18_0025,P18,18_0025_0004,TiefeVon,
987,,18_0025,P20,18_0025_0005,TiefeVon,
988,,18_0025,P5,18_0025_0001,TiefeVon,
989,,18_0025,P6,18_0025_0002,TiefeVon,
990,,19_0013,A11148,19_0013_0013,TiefeVon,
991,,19_0013,A11148,19_0013_0014,TiefeVon,
992,,19_0013,A11148,19_0013_0015,TiefeVon,
993,,19_0013,A11148,19_0013_0020,TiefeVon,
994,,19_0013,A479,19_0013_0010,TiefeVon,
995,,19_0013,A479,19_0013_0011,TiefeVon,
996,,19_0013,A479,19_0013_0012,TiefeVon,
997,,19_0013,A479,19_0013_0019,TiefeVon,
998,,19_0013,A6214,19_0013_0007,TiefeVon,
999,,19_0013,A6214,19_0013_0008,TiefeVon,
1000,,19_0013,A6214,19_0013_0009,TiefeVon,
1001,,19_0013,A6214,19_0013_0018,TiefeVon,
1002,,19_0013,A8090,19_0013_0004,TiefeVon,
1003,,19_0013,A8090,19_0013_0005,TiefeVon,
1004,,19_0013,A8090,19_0013_0006,TiefeVon,
1005,,19_0013,A8090,19_0013_0017,TiefeVon,
1006,,19_0013,A9063,19_0013_0001,TiefeVon,
1007,,19_0013,A9063,19_0013_0002,TiefeVon,
1008,,19_0013,A9063,19_0013_0003,TiefeVon,
1009,,19_0013,A9063,19_0013_0016,TiefeVon,
1010,,19_0014,A10143,19_0014_0040,TiefeVon,
1011,,19_0014,A10153,19_0014_0037,TiefeVon,
1012,,19_0014,A10189,19_0014_0042,TiefeVon,
1013,,19_0014,A10229,19_0014_0039,TiefeVon,
1014,,19_0014,A10697,19_0014_0067,TiefeVon,
1015,,19_0014,A10990,19_0014_0055,TiefeVon,
1016,,19_0014,A11339,19_0014_0068,TiefeVon,
1017,,19_0014,A1196,19_0014_0044,TiefeVon,
1018,,19_0014,A12024,19_0014_0056,TiefeVon,
1019,,19_0014,A12024,19_0014_0057,TiefeVon,
1020,,19_0014,A12034,19_0014_0058,TiefeVon,
1021,,19_0014,A12435,19_0014_0069,TiefeVon,
1022,,19_0014,A13064,19_0014_0071,TiefeVon,
1023,,19_0014,A13200,19_0014_0041,TiefeVon,
1024,,19_0014,A13299,19_0014_0072,TiefeVon,
1025,,19_0014,A13837,19_0014_0060,TiefeVon,
1026,,19_0014,A15333,19_0014_0061,TiefeVon,
1027,,19_0014,A15344,19_0014_0074,TiefeVon,
1028,,19_0014,A15554,19_0014_0075,TiefeVon,
1029,,19_0014,A15736,19_0014_0059,TiefeVon,
1030,,19_0014,A16771,19_0014_0008,TiefeVon,
1031,,19_0014,A16783,19_0014_0005,TiefeVon,
1032,,19_0014,A17294,19_0014_0016,TiefeVon,
1033,,19_0014,A1875,19_0014_0046,TiefeVon,
1034,,19_0014,A1931,19_0014_0047,TiefeVon,
1035,,19_0014,A1998,19_0014_0048,TiefeVon,
1036,,19_0014,A2019,19_0014_0049,TiefeVon,
1037,,19_0014,A2029,19_0014_0050,TiefeVon,
1038,,19_0014,A2114,19_0014_0051,TiefeVon,
1039,,19_0014,A3019,19_0014_0052,TiefeVon,
1040,,19_0014,A3170,19_0014_0066,TiefeVon,
1041,,19_0014,A3650,19_0014_0053,TiefeVon,
1042,,19_0014,A4115,19_0014_0023,TiefeVon,
1043,,19_0014,A4365,19_0014_0054,TiefeVon,
1044,,19_0014,A5192,19_0014_0020,TiefeVon,
1045,,19_0014,A5213,19_0014_0019,TiefeVon,
1046,,19_0014,A5223,19_0014_0018,TiefeVon,
1047,,19_0014,A5254,19_0014_0029,TiefeVon,
1048,,19_0014,A5282,19_0014_0021,TiefeVon,
1049,,19_0014,A5294,19_0014_0022,TiefeVon,
1050,,19_0014,A5307,19_0014_0024,TiefeVon,
1051,,19_0014,A5334,19_0014_0063,TiefeVon,
1052,,19_0014,A6041,19_0014_0034,TiefeVon,
1053,,19_0014,A6135,19_0014_0015,TiefeVon,
1054,,19_0014,A6146,19_0014_0033,TiefeVon,
1055,,19_0014,A6157,19_0014_0035,TiefeVon,
1056,,19_0014,A6178,19_0014_0017,TiefeVon,
1057,,19_0014,A6194,19_0014_0025,TiefeVon,
1058,,19_0014,A7199,19_0014_0032,TiefeVon,
1059,,19_0014,A7253,19_0014_0014,TiefeVon,
1060,,19_0014,A7263,19_0014_0030,TiefeVon,
1061,,19_0014,A7294,19_0014_0013,TiefeVon,
1062,,19_0014,A7306,19_0014_0036,TiefeVon,
1063,,19_0014,A785,19_0014_0043,TiefeVon,
1064,,19_0014,A8079,19_0014_0007,TiefeVon,
1065,,19_0014,A8103,19_0014_0009,TiefeVon,
1066,,19_0014,A8114,19_0014_0011,TiefeVon,
1067,,19_0014,A8142,19_0014_0026,TiefeVon,
1068,,19_0014,A8178,19_0014_0031,TiefeVon,
1069,,19_0014,A8189,19_0014_0012,TiefeVon,
1070,,19_0014,A8234,19_0014_0010,TiefeVon,
1071,,19_0014,A9000,19_0014_0027,TiefeVon,
1072,,19_0014,A9052,19_0014_0028,TiefeVon,
1073,,19_0014,A9075,19_0014_0003,TiefeVon,
1074,,19_0014,A9111,19_0014_0001,TiefeVon,
1075,,19_0014,A9126,19_0014_0004,TiefeVon,
1076,,19_0014,A9199,19_0014_0006,TiefeVon,
1077,,19_0014,A957,19_0014_0064,TiefeVon,
1078,,19_0014,A973,19_0014_0065,TiefeVon,
1079,,19_0014,A9847,19_0014_0002,TiefeVon,
1080,,22_0005,11200,22_0005_0001,TiefeVon,
1081,,22_0005,11201,22_0005_0002,TiefeVon,
1082,,22_0005,11221,22_0005_0003,TiefeVon,
1083,,22_0005,12026,22_0005_0004,TiefeVon,
1084,,22_0005,200125,22_0005_0012,TiefeVon,
1085,,22_0005,200149,22_0005_0013,TiefeVon,
1086,,22_0005,200177,22_0005_0009,TiefeVon,
1087,,22_0005,200473,22_0005_0005,TiefeVon,
1088,,22_0005,200475,22_0005_0006,TiefeVon,
1089,,22_0005,23362,22_0005_0010,TiefeVon,
1090,,22_0005,23434,22_0005_0007,TiefeVon,
1091,,22_0005,23491,22_0005_0008,TiefeVon,
1092,,22_0005,23988,22_0005_0011,TiefeVon,
1093,,22_0015,A2076,22_0015_0017,TiefeVon,
1094,,22_0015,A2154,22_0015_0020,TiefeVon,
1095,,22_0015,A2874 G2976,22_0015_0014,TiefeVon,
1096,,22_0015,A4796,22_0015_0013,TiefeVon,
1097,,22_0015,M153 St 1,22_0015_0006,TiefeVon,
1098,,22_0015,M153 St 2,22_0015_0007,TiefeVon,
1099,,22_0015,M160 St 1,22_0015_0001,TiefeVon,
1100,,22_0015,M167 St 1,22_0015_0002,TiefeVon,
1101,,22_0015,M167 St 2,22_0015_0003,TiefeVon,
1102,,22_0015,M167 St 3,22_0015_0004,TiefeVon,
1103,,22_0015,M167 St 4,22_0015_0005,TiefeVon,
1104,,22_0015,M32 Undre del,2022_0015_0009,TiefeVon,
1105,,22_0015,M32 Övre del,2022_0015_0008,TiefeVon,
1106,,22_0015,M99 A5085,2022_0015_0010,TiefeVon,
1107,,22_0015,M99 A5085,2022_0015_0012,TiefeVon,
1108,,DanaBunar2,31,17 depth 0.10-0.20,TiefeVon,
1109,,DanaBunar2,31,17a depth 0.00-0.20,TiefeVon,
1110,,DanaBunar2,32,51 depth 0.00-0.10,TiefeVon,
1111,,DanaBunar2,32,52 depth 0.10-0.20,TiefeVon,
1112,,DanaBunar2,32,53 depth 0.00-0.10,TiefeVon,
1113,,DanaBunar2,33,18 depth 0.20-0.30,TiefeVon,
1114,,DanaBunar2,33,19 depth 0.00-0.10,TiefeVon,
1115,,DanaBunar2,33,20 depth 0.10-0.30,TiefeVon,
1116,,DanaBunar2,33,21 depth 0.30-0.40,TiefeVon,
1117,,DanaBunar2,33,22 depth 0.20-0.30,TiefeVon,
1118,,DanaBunar2,37,39 depth 0.10-0.20,TiefeVon,
1119,,DanaBunar2,37,40 depth 0.20-0.30,TiefeVon,
1120,,DanaBunar2,37,41 depth 0.00-0.10,TiefeVon,
1121,,DanaBunar2,37,42 depth 0.00-0.10,TiefeVon,
1122,,DanaBunar2,38,1 depth 0.48-0.58,TiefeVon,
1123,,DanaBunar2,38,2 depth 0.35-0.45,TiefeVon,
1124,,DanaBunar2,38,3 depth 0.35-0.45,TiefeVon,
1125,,DanaBunar2,38,4 depth 0.00-0.10,TiefeVon,
1126,,DanaBunar2,38,5 depth 0.30-0.50,TiefeVon,
1127,,DanaBunar2,39,47 depth 0.00-0.10,TiefeVon,
1128,,DanaBunar2,39,48 depth 0.10-0.20,TiefeVon,
1129,,DanaBunar2,41,44 depth 0.00-0.10,TiefeVon,
1130,,DanaBunar2,41,46 depth 0.30-0.40,TiefeVon,
1131,,DanaBunar2,42,10 depth 0.10-0.20,TiefeVon,
1132,,DanaBunar2,42,6 depth 0.00-0.10,TiefeVon,
1133,,DanaBunar2,42,7 depth 0.00-0.10,TiefeVon,
1134,,DanaBunar2,42,8 depth 0.10-0.20,TiefeVon,
1135,,DanaBunar2,42,9 depth 0.10-0.20,TiefeVon,
1136,,DanaBunar2,44,87 depth 0.06-0.16,TiefeVon,
1137,,DanaBunar2,44,88 depth 0.20-0.30,TiefeVon,
1138,,DanaBunar2,44,89 depth 0.30-0.40,TiefeVon,
1139,,DanaBunar2,44,90 depth 0.16-0.26,TiefeVon,
1140,,DanaBunar2,44,91 depth 0.10-0.20,TiefeVon,
1141,,DanaBunar2,44,92 depth 0.00-0.10,TiefeVon,
1142,,DanaBunar2,44,93 depth 0.30-0.40,TiefeVon,
1143,,DanaBunar2,46,30 depth 0.60-0.70,TiefeVon,
1144,,DanaBunar2,46,31 depth 0.50-0.60,TiefeVon,
1145,,DanaBunar2,46,32 depth 0.60-0.70,TiefeVon,
1146,,DanaBunar2,46,33 depth 0.30-0.40,TiefeVon,
1147,,DanaBunar2,46,34 depth 0.40-0.50,TiefeVon,
1148,,DanaBunar2,46,35 depth 0.30-0.40,TiefeVon,
1149,,DanaBunar2,47,49 depth 0.10-0.20,TiefeVon,
1150,,DanaBunar2,47,50 depth 0.10-0.20,TiefeVon,
1151,,DanaBunar2,55,54 depth 1.00-1.10,TiefeVon,
1152,,DanaBunar2,55,55 depth 1.00-1.10,TiefeVon,
1153,,DanaBunar2,58,23 depth 0.10-0.20,TiefeVon,
1154,,DanaBunar2,58,24 depth 0.30-0.40,TiefeVon,
1155,,DanaBunar2,58,25 depth 0.00-0.10,TiefeVon,
1156,,DanaBunar2,58,26 depth 0.10-0.20,TiefeVon,
1157,,DanaBunar2,58,27 depth 0.30-0.40,TiefeVon,
1158,,DanaBunar2,58,28 depth 0.20-0.30,TiefeVon,
1159,,DanaBunar2,64,11 depth 0.10-0.20,TiefeVon,
1160,,DanaBunar2,64,12 depth 0.36-0.46,TiefeVon,
1161,,DanaBunar2,64,13 depth 0.26-0.36,TiefeVon,
1162,,DanaBunar2,64,16 depth 0.48-0.58,TiefeVon,
1163,,Iswid,2709_fond,Isw 2013/32,TiefeVon,
1164,,Iswid,2905 fond,Isw 2013/26,TiefeVon,
1165,,Iswid,2913 fond,Isw 2013/33,TiefeVon,
1166,,Iswid,foyer 2174,Isw 2013/15,TiefeVon,
1167,,Iswid,US 10503,Isw 2013/8,TiefeVon,
1168,,Iswid,US 10521,Isw 2013/20,TiefeVon,
1169,,Iswid,US 10534,Isw 2013/21,TiefeVon,
1170,,Iswid,US 10610,Isw 2013/25,TiefeVon,
1171,,Iswid,US 11004,Isw 2013/22,TiefeVon,
1172,,Iswid,US 11012,Isw 2013/27,TiefeVon,
1173,,Iswid,US 11067,Isw 2013/28,TiefeVon,
1174,,Iswid,US 12025,Isw 2013/25,TiefeVon,
1175,,Iswid,US 12040,Isw 2013/29,TiefeVon,
1176,,Iswid,US 12047,Isw 2013/30,TiefeVon,
1177,,Iswid,US 12504,Isw 2013/31,TiefeVon,
1178,,Iswid,US 13017,Isw 2015/18,TiefeVon,
1179,,Iswid,US 13017,Isw 2016/41,TiefeVon,
1180,,Iswid,US 13065,Isw 2015/25,TiefeVon,
1181,,Iswid,US 13066,Isw 2015/4,TiefeVon,
1182,,Iswid,US 13083,Isw 2015/22,TiefeVon,
1183,,Iswid,US 13099,Isw 2015/9,TiefeVon,
1184,,Iswid,US 13145,Isw 2015/21,TiefeVon,
1185,,Iswid,US 13516,Isw 2015/8,TiefeVon,
1186,,Iswid,US 13526,Isw 2015/2,TiefeVon,
1187,,Iswid,US 13572,Isw 2015/12,TiefeVon,
1188,,Iswid,US 13610,Isw 2015/11,TiefeVon,
1189,,Iswid,US 13632,Isw 2016/15,TiefeVon,
1190,,Iswid,US 13639,Isw2015/26,TiefeVon,
1191,,Iswid,US 13657,Isw 2015/17,TiefeVon,
1192,,Iswid,US 13705,Isw 2015/10,TiefeVon,
1193,,Iswid,US 13791,Isw 2015/5,TiefeVon,
1194,,Iswid,US 13791 (3),Isw 2015/7,TiefeVon,
1195,,Iswid,US 13802,Isw 2015/20,TiefeVon,
1196,,Iswid,US 13971,Isw 2015/7,TiefeVon,
1197,,Iswid,US 14021,Isw 2015/1,TiefeVon,
1198,,Iswid,US 14038,Isw 2015/3,TiefeVon,
1199,,Iswid,US 14050,Isw 2015/24,TiefeVon,
1200,,Iswid,US 14078,Isw 2916/23,TiefeVon,
1201,,Iswid,US 14131,Isw 2015/13,TiefeVon,
1202,,Iswid,US 14131,Isw 2016/12,TiefeVon,
1203,,Iswid,US 14158,Isw 2015/14,TiefeVon,
1204,,Iswid,US 14418,Isw 2016/34,TiefeVon,
1205,,Iswid,US 14495,Isw 16/37,TiefeVon,
1206,,Iswid,US 14509,16-Jan,TiefeVon,
1207,,Iswid,US 14636,Isw 16/35,TiefeVon,
1208,,Iswid,US 15067,Isw 2017/7,TiefeVon,
1209,,Iswid,US 15071,Isw 17/4,TiefeVon,
1210,,Iswid,US 15108,Isw 17/1,TiefeVon,
1211,,Iswid,US 15140,Isw17/26,TiefeVon,
1212,,Iswid,US 16183,Isw 2017/8,TiefeVon,
1213,,Iswid,US 16287_F4185 (TR.),Isw 17/23,TiefeVon,
1214,,Iswid,US 16323_F4199(foye,Isw 17/29,TiefeVon,
1215,,Iswid,US 6712,Isw 2013/13,TiefeVon,
1216,,Iswid,US 6773,Isw 2013/7,TiefeVon,
1217,,Iswid,US 6803,Isw 2013/10,TiefeVon,
1218,,Iswid,US 6810,Isw 2013/5,TiefeVon,
1219,,Iswid,US 6827,Isw 2013/2,TiefeVon,
1220,,Iswid,US 6854,Isw 2013/4,TiefeVon,
1221,,Iswid,US 6863,Isw 2013/12,TiefeVon,
1222,,Iswid,US 6875,Isw 2013/14,TiefeVon,
1223,,Iswid,US 9036,Isw 2013/3,TiefeVon,
1224,,Iswid,US 9200,Isw 2013/1,TiefeVon,
1225,,Iswid,US 9321,Isw 2013/6,TiefeVon,
1226,,Iswid,US 9404_foyer 2093,Isw 2013/17,TiefeVon,
1227,,Iswid,US 9519,Isw 2013/11,TiefeVon,
1228,,Iswid,US 9859/9860,Isw 2013/16,TiefeVon,
1229,,Iswid,US 9870_foyer2163,1,TiefeVon,
1230,,Iswid,US 9880_foyer 2166,Isw 2013/19,TiefeVon,
